\BOOKMARK [0][-]{chapter*.1}{\376\377\000v\0007\000.\0002\000\040\000-\000>\000\040\000v\0007\000.\0003\000\040\000C\000o\000n\000t\000i\000n\000u\000i\000t\000y\000\040\000B\000r\000i\000d\000g\000e}{}% 1
\BOOKMARK [0][-]{chapter*.3}{\376\377\000G\000u\000i\000d\000e\000\040\000t\000o\000\040\000T\000h\000i\000s\000\040\000M\000a\000n\000u\000a\000l}{}% 2
\BOOKMARK [-1][-]{part.1}{\376\377\000I\000\040\000C\000a\000n\000o\000n\000i\000c\000a\000l\000\040\000F\000o\000u\000n\000d\000a\000t\000i\000o\000n\000\040\000\050\000v\0006\000.\0001\000\040\000R\000e\000f\000e\000r\000e\000n\000c\000e\000\051}{}% 3
\BOOKMARK [0][-]{chapter.1}{\376\377\000O\000n\000t\000o\000l\000o\000g\000i\000c\000a\000l\000\040\000F\000o\000u\000n\000d\000a\000t\000i\000o\000n\000s}{part.1}% 4
\BOOKMARK [1][-]{section.1.1}{\376\377\000T\000h\000e\000\040\000F\000o\000u\000r\000\040\000W\000o\000r\000l\000d\000s}{chapter.1}% 5
\BOOKMARK [1][-]{section.1.2}{\376\377\000T\000h\000e\000\040\000F\000o\000r\000t\000y\000\040\000E\000l\000e\000m\000e\000n\000t\000s}{chapter.1}% 6
\BOOKMARK [1][-]{section.1.3}{\376\377\000T\000h\000e\000\040\000T\000e\000n\000\040\000N\000o\000e\000t\000i\000c\000s}{chapter.1}% 7
\BOOKMARK [1][-]{section.1.4}{\376\377\000T\000h\000e\000\040\0007\000\040\000F\000o\000u\000n\000d\000a\000t\000i\000o\000n\000s\000\040\000a\000n\000d\000\040\0002\0008\000\040\000S\000u\000b\000-\000F\000o\000u\000n\000d\000a\000t\000i\000o\000n\000s}{chapter.1}% 8
\BOOKMARK [2][-]{subsection.1.4.1}{\376\377\000T\000h\000e\000\040\0007\000\040\000C\000o\000r\000e\000\040\000F\000o\000u\000n\000d\000a\000t\000i\000o\000n\000s}{section.1.4}% 9
\BOOKMARK [2][-]{subsection.1.4.2}{\376\377\000T\000h\000e\000\040\0002\0008\000\040\000S\000u\000b\000-\000F\000o\000u\000n\000d\000a\000t\000i\000o\000n\000s}{section.1.4}% 10
\BOOKMARK [1][-]{section.1.5}{\376\377\000T\000h\000e\000\040\000T\000w\000e\000n\000t\000y\000-\000T\000w\000o\000\040\000A\000c\000q\000u\000i\000s\000i\000t\000i\000o\000n\000s}{chapter.1}% 11
\BOOKMARK [0][-]{chapter.2}{\376\377\000F\000o\000u\000n\000d\000a\000t\000i\000o\000n\000s\000\040\000a\000s\000\040\000A\000l\000g\000e\000b\000r\000a}{part.1}% 12
\BOOKMARK [1][-]{section.2.1}{\376\377\000T\000h\000e\000\040\000F\000o\000u\000n\000d\000a\000t\000i\000o\000n\000\040\000A\000l\000g\000e\000b\000r\000a}{chapter.2}% 13
\BOOKMARK [1][-]{section.2.2}{\376\377\000F\000o\000u\000n\000d\000a\000t\000i\000o\000n\000\040\000H\000o\000m\000o\000m\000o\000r\000p\000h\000i\000s\000m\000s}{chapter.2}% 14
\BOOKMARK [1][-]{section.2.3}{\376\377\000T\000h\000e\000\040\000C\000a\000t\000e\000g\000o\000r\000y\000\040\000o\000f\000\040\000F\000o\000u\000n\000d\000a\000t\000i\000o\000n\000s}{chapter.2}% 15
\BOOKMARK [1][-]{section.2.4}{\376\377\000F\000o\000u\000n\000d\000a\000t\000i\000o\000n\000\040\000I\000n\000f\000e\000r\000e\000n\000c\000e\000\040\000S\000y\000s\000t\000e\000m}{chapter.2}% 16
\BOOKMARK [2][-]{subsection.2.4.1}{\376\377\000F\000o\000r\000m\000a\000t\000i\000o\000n\000\040\000R\000u\000l\000e\000s}{section.2.4}% 17
\BOOKMARK [2][-]{subsection.2.4.2}{\376\377\000A\000C\000B\000E\000\040\000D\000e\000s\000c\000e\000n\000t\000\040\000R\000u\000l\000e\000s}{section.2.4}% 18
\BOOKMARK [2][-]{subsection.2.4.3}{\376\377\000F\000o\000u\000n\000d\000a\000t\000i\000o\000n\000\040\000I\000n\000t\000e\000r\000a\000c\000t\000i\000o\000n\000\040\000R\000u\000l\000e\000s}{section.2.4}% 19
\BOOKMARK [2][-]{subsection.2.4.4}{\376\377\000D\000e\000v\000e\000l\000o\000p\000m\000e\000n\000t\000\040\000R\000u\000l\000e\000s}{section.2.4}% 20
\BOOKMARK [1][-]{section.2.5}{\376\377\000C\000a\000t\000e\000g\000o\000r\000i\000c\000a\000l\000\040\000S\000e\000m\000a\000n\000t\000i\000c\000s\000\040\000o\000f\000\040\000F\000o\000u\000n\000d\000a\000t\000i\000o\000n\000s}{chapter.2}% 21
\BOOKMARK [1][-]{section.2.6}{\376\377\000T\000h\000e\000o\000r\000e\000m\000s\000\040\000o\000n\000\040\000F\000o\000u\000n\000d\000a\000t\000i\000o\000n\000s\000\040\000i\000n\000\040\000T\000K\000S}{chapter.2}% 22
\BOOKMARK [1][-]{section.2.7}{\376\377\000S\000o\000u\000n\000d\000n\000e\000s\000s\000\040\000a\000n\000d\000\040\000C\000o\000m\000p\000l\000e\000t\000e\000n\000e\000s\000s}{chapter.2}% 23
\BOOKMARK [-1][-]{part.2}{\376\377\000I\000I\000\040\000T\000r\000a\000n\000s\000f\000i\000n\000i\000t\000e\000\040\000N\000o\000e\000t\000i\000c\000\040\000F\000r\000a\000c\000t\000a\000l\000s}{}% 24
\BOOKMARK [0][-]{chapter.3}{\376\377\000O\000r\000d\000i\000n\000a\000l\000\040\000F\000r\000a\000c\000t\000a\000l\000\040\000S\000t\000r\000u\000c\000t\000u\000r\000e\000s}{part.2}% 25
\BOOKMARK [1][-]{section.3.1}{\376\377\000R\000e\000v\000i\000e\000w\000:\000\040\000T\000r\000a\000n\000s\000f\000i\000n\000i\000t\000e\000\040\000F\000r\000a\000c\000t\000a\000l\000s\000\040\000f\000r\000o\000m\000\040\000v\0007\000.\0002}{chapter.3}% 26
\BOOKMARK [1][-]{section.3.2}{\376\377\000T\000h\000e\000\040\000C\000a\000t\000e\000g\000o\000r\000y\000\040\000o\000f\000\040\000O\000r\000d\000i\000n\000a\000l\000\040\000F\000r\000a\000c\000t\000a\000l\000s}{chapter.3}% 27
\BOOKMARK [2][-]{subsection.3.2.1}{\376\377\000O\000b\000j\000e\000c\000t\000s\000\040\000a\000n\000d\000\040\000M\000o\000r\000p\000h\000i\000s\000m\000s\000\040\000o\000f\000\040\000F\000O\000r\000d}{section.3.2}% 28
\BOOKMARK [2][-]{subsection.3.2.2}{\376\377\000I\000n\000i\000t\000i\000a\000l\000\040\000a\000n\000d\000\040\000T\000e\000r\000m\000i\000n\000a\000l\000\040\000O\000b\000j\000e\000c\000t\000s}{section.3.2}% 29
\BOOKMARK [2][-]{subsection.3.2.3}{\376\377\000P\000r\000o\000d\000u\000c\000t\000s\000\040\000a\000n\000d\000\040\000C\000o\000p\000r\000o\000d\000u\000c\000t\000s}{section.3.2}% 30
\BOOKMARK [2][-]{subsection.3.2.4}{\376\377\000T\000h\000e\000\040\000P\000r\000e\000f\000i\000x\000\040\000O\000r\000d\000e\000r\000\040\000a\000s\000\040\000a\000\040\000S\000u\000b\000c\000a\000t\000e\000g\000o\000r\000y}{section.3.2}% 31
\BOOKMARK [2][-]{subsection.3.2.5}{\376\377\000L\000i\000m\000i\000t\000s\000\040\000a\000n\000d\000\040\000C\000o\000l\000i\000m\000i\000t\000s\000\040\000i\000n\000\040\000F\000O\000r\000d}{section.3.2}% 32
\BOOKMARK [2][-]{subsection.3.2.6}{\376\377\000I\000l\000l\000u\000s\000t\000r\000a\000t\000i\000v\000e\000\040\000E\000x\000a\000m\000p\000l\000e\000:\000\040\000M\000o\000r\000p\000h\000i\000s\000m\000s\000\040\000B\000e\000t\000w\000e\000e\000n\000\040\000G\000r\000a\000d\000e\000s}{section.3.2}% 33
\BOOKMARK [1][-]{section.3.3}{\376\377\000L\000i\000m\000i\000t\000s\000\040\000a\000n\000d\000\040\000C\000o\000l\000i\000m\000i\000t\000s\000\040\000i\000n\000\040\000O\000r\000d\000F\000r\000a\000c}{chapter.3}% 34
\BOOKMARK [1][-]{section.3.4}{\376\377\000T\000r\000a\000n\000s\000f\000i\000n\000i\000t\000e\000\040\000I\000n\000d\000u\000c\000t\000i\000o\000n\000\040\000o\000n\000\040\000F\000r\000a\000c\000t\000a\000l\000s}{chapter.3}% 35
\BOOKMARK [1][-]{section.3.5}{\376\377\000L\000a\000r\000g\000e\000\040\000C\000a\000r\000d\000i\000n\000a\000l\000\040\000C\000o\000n\000s\000i\000d\000e\000r\000a\000t\000i\000o\000n\000s}{chapter.3}% 36
\BOOKMARK [0][-]{chapter.4}{\376\377\000F\000r\000a\000c\000t\000a\000l\000\040\000D\000i\000m\000e\000n\000s\000i\000o\000n\000\040\000T\000h\000e\000o\000r\000y}{part.2}% 37
\BOOKMARK [1][-]{section.4.1}{\376\377\000H\000a\000u\000s\000d\000o\000r\000f\000f\000\040\000M\000e\000a\000s\000u\000r\000e\000\040\000o\000n\000\040\000I\000d\000e\000a\000\040\000S\000p\000a\000c\000e}{chapter.4}% 38
\BOOKMARK [2][-]{subsection.4.1.1}{\376\377\000M\000e\000t\000r\000i\000c\000\040\000F\000o\000u\000n\000d\000a\000t\000i\000o\000n\000s\000\040\000f\000o\000r\000\040\000D\000i\000m\000e\000n\000s\000i\000o\000n}{section.4.1}% 39
\BOOKMARK [2][-]{subsection.4.1.2}{\376\377\000H\000a\000u\000s\000d\000o\000r\000f\000f\000\040\000M\000e\000a\000s\000u\000r\000e\000\040\000C\000o\000n\000s\000t\000r\000u\000c\000t\000i\000o\000n}{section.4.1}% 40
\BOOKMARK [1][-]{section.4.2}{\376\377\000H\000a\000u\000s\000d\000o\000r\000f\000f\000\040\000D\000i\000m\000e\000n\000s\000i\000o\000n\000\040\000o\000f\000\040\000F\000r\000a\000c\000t\000a\000l\000\040\000O\000r\000b\000i\000t\000s}{chapter.4}% 41
\BOOKMARK [1][-]{section.4.3}{\376\377\000B\000o\000x\000-\000C\000o\000u\000n\000t\000i\000n\000g\000\040\000D\000i\000m\000e\000n\000s\000i\000o\000n}{chapter.4}% 42
\BOOKMARK [2][-]{subsection.4.3.1}{\376\377\000D\000e\000f\000i\000n\000i\000t\000i\000o\000n\000\040\000a\000n\000d\000\040\000B\000a\000s\000i\000c\000\040\000P\000r\000o\000p\000e\000r\000t\000i\000e\000s}{section.4.3}% 43
\BOOKMARK [2][-]{subsection.4.3.2}{\376\377\000C\000o\000m\000p\000u\000t\000a\000t\000i\000o\000n\000a\000l\000\040\000A\000s\000p\000e\000c\000t\000s}{section.4.3}% 44
\BOOKMARK [1][-]{section.4.4}{\376\377\000N\000o\000e\000t\000i\000c\000\040\000I\000n\000t\000e\000r\000p\000r\000e\000t\000a\000t\000i\000o\000n\000\040\000o\000f\000\040\000D\000i\000m\000e\000n\000s\000i\000o\000n}{chapter.4}% 45
\BOOKMARK [2][-]{subsection.4.4.1}{\376\377\000D\000i\000m\000e\000n\000s\000i\000o\000n\000\040\000a\000s\000\040\000N\000o\000e\000t\000i\000c\000\040\000C\000o\000m\000p\000l\000e\000x\000i\000t\000y}{section.4.4}% 46
\BOOKMARK [2][-]{subsection.4.4.2}{\376\377\000I\000n\000f\000o\000r\000m\000a\000t\000i\000o\000n\000\040\000C\000o\000n\000t\000e\000n\000t\000\040\000o\000f\000\040\000F\000r\000a\000c\000t\000a\000l\000\040\000S\000e\000q\000u\000e\000n\000c\000e\000s}{section.4.4}% 47
\BOOKMARK [2][-]{subsection.4.4.3}{\376\377\000D\000i\000m\000e\000n\000s\000i\000o\000n\000\040\000o\000f\000\040\000A\000t\000t\000r\000a\000c\000t\000o\000r\000\040\000S\000e\000t\000s}{section.4.4}% 48
\BOOKMARK [1][-]{section.4.5}{\376\377\000D\000i\000m\000e\000n\000s\000i\000o\000n\000\040\000o\000f\000\040\000E\000i\000g\000e\000n\000f\000r\000a\000c\000t\000a\000l\000s}{chapter.4}% 49
\BOOKMARK [1][-]{section.4.6}{\376\377\000T\000h\000e\000\040\000N\000o\000e\000t\000i\000c\000\040\000D\000i\000m\000e\000n\000s\000i\000o\000n\000\040\000T\000h\000e\000o\000r\000e\000m}{chapter.4}% 50
\BOOKMARK [0][-]{chapter.5}{\376\377\000I\000t\000e\000r\000a\000t\000e\000d\000\040\000F\000u\000n\000c\000t\000i\000o\000n\000\040\000S\000y\000s\000t\000e\000m\000s\000\040\000o\000n\000\040\000I\000d\000e\000a\000s}{part.2}% 51
\BOOKMARK [1][-]{section.5.1}{\376\377\000I\000F\000S\000\040\000F\000o\000u\000n\000d\000a\000t\000i\000o\000n\000s}{chapter.5}% 52
\BOOKMARK [2][-]{subsection.5.1.1}{\376\377\000C\000l\000a\000s\000s\000i\000c\000a\000l\000\040\000I\000F\000S\000\040\000T\000h\000e\000o\000r\000y}{section.5.1}% 53
\BOOKMARK [2][-]{subsection.5.1.2}{\376\377\000N\000o\000e\000t\000i\000c\000\040\000I\000F\000S\000\040\000o\000n\000\040\000I\000d\000e\000a\000\040\000S\000p\000a\000c\000e}{section.5.1}% 54
\BOOKMARK [1][-]{section.5.2}{\376\377\000N\000o\000e\000t\000i\000c\000s\000\040\000a\000s\000\040\000C\000o\000n\000t\000r\000a\000c\000t\000i\000v\000e\000\040\000O\000p\000e\000r\000a\000t\000o\000r\000s}{chapter.5}% 55
\BOOKMARK [2][-]{subsection.5.2.1}{\376\377\000C\000o\000n\000t\000r\000a\000c\000t\000i\000o\000n\000\040\000A\000n\000a\000l\000y\000s\000i\000s}{section.5.2}% 56
\BOOKMARK [2][-]{subsection.5.2.2}{\376\377\000C\000l\000a\000s\000s\000i\000f\000i\000c\000a\000t\000i\000o\000n\000\040\000o\000f\000\040\000N\000o\000e\000t\000i\000c\000\040\000C\000o\000n\000t\000r\000a\000c\000t\000i\000o\000n\000s}{section.5.2}% 57
\BOOKMARK [1][-]{section.5.3}{\376\377\000T\000h\000e\000\040\000H\000u\000t\000c\000h\000i\000n\000s\000o\000n\000\040\000O\000p\000e\000r\000a\000t\000o\000r}{chapter.5}% 58
\BOOKMARK [2][-]{subsection.5.3.1}{\376\377\000D\000e\000f\000i\000n\000i\000t\000i\000o\000n\000\040\000a\000n\000d\000\040\000B\000a\000s\000i\000c\000\040\000P\000r\000o\000p\000e\000r\000t\000i\000e\000s}{section.5.3}% 59
\BOOKMARK [2][-]{subsection.5.3.2}{\376\377\000C\000o\000n\000t\000r\000a\000c\000t\000i\000v\000i\000t\000y\000\040\000o\000f\000\040\000t\000h\000e\000\040\000H\000u\000t\000c\000h\000i\000n\000s\000o\000n\000\040\000O\000p\000e\000r\000a\000t\000o\000r}{section.5.3}% 60
\BOOKMARK [1][-]{section.5.4}{\376\377\000E\000x\000i\000s\000t\000e\000n\000c\000e\000\040\000a\000n\000d\000\040\000U\000n\000i\000q\000u\000e\000n\000e\000s\000s\000\040\000o\000f\000\040\000A\000t\000t\000r\000a\000c\000t\000o\000r\000s}{chapter.5}% 61
\BOOKMARK [2][-]{subsection.5.4.1}{\376\377\000T\000h\000e\000\040\000A\000t\000t\000r\000a\000c\000t\000o\000r\000\040\000T\000h\000e\000o\000r\000e\000m}{section.5.4}% 62
\BOOKMARK [2][-]{subsection.5.4.2}{\376\377\000F\000i\000n\000i\000t\000e\000\040\000S\000p\000a\000c\000e\000\040\000S\000i\000m\000p\000l\000i\000f\000i\000c\000a\000t\000i\000o\000n\000s}{section.5.4}% 63
\BOOKMARK [1][-]{section.5.5}{\376\377\000N\000o\000e\000t\000i\000c\000\040\000I\000F\000S\000\040\000a\000n\000d\000\040\000T\000r\000a\000n\000s\000f\000i\000n\000i\000t\000e\000\040\000E\000v\000a\000l\000u\000a\000t\000i\000o\000n}{chapter.5}% 64
\BOOKMARK [2][-]{subsection.5.5.1}{\376\377\000F\000r\000o\000m\000\040\000F\000r\000a\000c\000t\000a\000l\000s\000\040\000t\000o\000\040\000I\000F\000S}{section.5.5}% 65
\BOOKMARK [2][-]{subsection.5.5.2}{\376\377\000C\000o\000m\000p\000o\000s\000i\000t\000i\000o\000n\000\040\000a\000n\000d\000\040\000I\000t\000e\000r\000a\000t\000i\000o\000n}{section.5.5}% 66
\BOOKMARK [1][-]{section.5.6}{\376\377\000A\000t\000t\000r\000a\000c\000t\000o\000r\000\040\000P\000r\000o\000p\000e\000r\000t\000i\000e\000s\000\040\000a\000n\000d\000\040\000S\000e\000l\000f\000-\000S\000i\000m\000i\000l\000a\000r\000i\000t\000y}{chapter.5}% 67
\BOOKMARK [2][-]{subsection.5.6.1}{\376\377\000S\000e\000l\000f\000-\000S\000i\000m\000i\000l\000a\000r\000i\000t\000y\000\040\000S\000t\000r\000u\000c\000t\000u\000r\000e}{section.5.6}% 68
\BOOKMARK [2][-]{subsection.5.6.2}{\376\377\000D\000i\000m\000e\000n\000s\000i\000o\000n\000\040\000o\000f\000\040\000A\000t\000t\000r\000a\000c\000t\000o\000r\000s}{section.5.6}% 69
\BOOKMARK [1][-]{section.5.7}{\376\377\000T\000h\000e\000\040\000C\000o\000l\000l\000a\000g\000e\000\040\000T\000h\000e\000o\000r\000e\000m\000\040\000f\000o\000r\000\040\000T\000K\000S}{chapter.5}% 70
\BOOKMARK [1][-]{section.5.8}{\376\377\000M\000a\000i\000n\000\040\000T\000h\000e\000o\000r\000e\000m\000:\000\040\000N\000o\000e\000t\000i\000c\000\040\000I\000F\000S\000\040\000C\000h\000a\000r\000a\000c\000t\000e\000r\000i\000z\000a\000t\000i\000o\000n}{chapter.5}% 71
\BOOKMARK [0][-]{chapter.6}{\376\377\000F\000r\000a\000c\000t\000a\000l\000\040\000S\000e\000l\000f\000-\000S\000i\000m\000i\000l\000a\000r\000i\000t\000y}{part.2}% 72
\BOOKMARK [1][-]{section.6.1}{\376\377\000E\000x\000a\000c\000t\000\040\000S\000e\000l\000f\000-\000S\000i\000m\000i\000l\000a\000r\000i\000t\000y}{chapter.6}% 73
\BOOKMARK [2][-]{subsection.6.1.1}{\376\377\000D\000e\000f\000i\000n\000i\000t\000i\000o\000n\000s\000\040\000a\000n\000d\000\040\000C\000h\000a\000r\000a\000c\000t\000e\000r\000i\000z\000a\000t\000i\000o\000n\000s}{section.6.1}% 74
\BOOKMARK [2][-]{subsection.6.1.2}{\376\377\000E\000x\000a\000m\000p\000l\000e\000s\000\040\000o\000f\000\040\000E\000x\000a\000c\000t\000\040\000S\000e\000l\000f\000-\000S\000i\000m\000i\000l\000a\000r\000i\000t\000y}{section.6.1}% 75
\BOOKMARK [1][-]{section.6.2}{\376\377\000S\000t\000a\000t\000i\000s\000t\000i\000c\000a\000l\000\040\000S\000e\000l\000f\000-\000S\000i\000m\000i\000l\000a\000r\000i\000t\000y}{chapter.6}% 76
\BOOKMARK [2][-]{subsection.6.2.1}{\376\377\000P\000r\000o\000b\000a\000b\000i\000l\000i\000s\000t\000i\000c\000\040\000I\000F\000S}{section.6.2}% 77
\BOOKMARK [2][-]{subsection.6.2.2}{\376\377\000S\000t\000a\000t\000i\000s\000t\000i\000c\000a\000l\000\040\000S\000e\000l\000f\000-\000S\000i\000m\000i\000l\000a\000r\000i\000t\000y}{section.6.2}% 78
\BOOKMARK [2][-]{subsection.6.2.3}{\376\377\000E\000r\000g\000o\000d\000i\000c\000\040\000T\000h\000e\000o\000r\000y\000\040\000o\000n\000\040\000F\000r\000a\000c\000t\000a\000l\000\040\000S\000p\000a\000c\000e}{section.6.2}% 79
\BOOKMARK [1][-]{section.6.3}{\376\377\000S\000e\000l\000f\000-\000S\000i\000m\000i\000l\000a\000r\000\040\000M\000e\000a\000s\000u\000r\000e\000s}{chapter.6}% 80
\BOOKMARK [2][-]{subsection.6.3.1}{\376\377\000T\000h\000e\000\040\000H\000u\000t\000c\000h\000i\000n\000s\000o\000n\000\040\000M\000e\000a\000s\000u\000r\000e}{section.6.3}% 81
\BOOKMARK [2][-]{subsection.6.3.2}{\376\377\000P\000r\000o\000p\000e\000r\000t\000i\000e\000s\000\040\000o\000f\000\040\000S\000e\000l\000f\000-\000S\000i\000m\000i\000l\000a\000r\000\040\000M\000e\000a\000s\000u\000r\000e\000s}{section.6.3}% 82
\BOOKMARK [2][-]{subsection.6.3.3}{\376\377\000M\000e\000a\000s\000u\000r\000e\000-\000T\000h\000e\000o\000r\000e\000t\000i\000c\000\040\000S\000e\000l\000f\000-\000S\000i\000m\000i\000l\000a\000r\000i\000t\000y}{section.6.3}% 83
\BOOKMARK [1][-]{section.6.4}{\376\377\000L\000a\000c\000u\000n\000a\000r\000i\000t\000y\000\040\000a\000n\000d\000\040\000T\000e\000x\000t\000u\000r\000e}{chapter.6}% 84
\BOOKMARK [2][-]{subsection.6.4.1}{\376\377\000L\000a\000c\000u\000n\000a\000r\000i\000t\000y\000\040\000F\000u\000n\000d\000a\000m\000e\000n\000t\000a\000l\000s}{section.6.4}% 85
\BOOKMARK [2][-]{subsection.6.4.2}{\376\377\000L\000a\000c\000u\000n\000a\000r\000i\000t\000y\000\040\000o\000f\000\040\000S\000e\000l\000f\000-\000S\000i\000m\000i\000l\000a\000r\000\040\000S\000e\000t\000s}{section.6.4}% 86
\BOOKMARK [2][-]{subsection.6.4.3}{\376\377\000T\000e\000x\000t\000u\000r\000e\000\040\000A\000n\000a\000l\000y\000s\000i\000s}{section.6.4}% 87
\BOOKMARK [2][-]{subsection.6.4.4}{\376\377\000M\000a\000i\000n\000\040\000T\000h\000e\000o\000r\000e\000m\000:\000\040\000L\000a\000c\000u\000n\000a\000r\000i\000t\000y\000-\000N\000o\000e\000t\000i\000c\000\040\000C\000o\000r\000r\000e\000s\000p\000o\000n\000d\000e\000n\000c\000e}{section.6.4}% 88
\BOOKMARK [1][-]{section.6.5}{\376\377\000C\000h\000a\000p\000t\000e\000r\000\040\000S\000u\000m\000m\000a\000r\000y\000\040\000a\000n\000d\000\040\000C\000o\000n\000n\000e\000c\000t\000i\000o\000n\000s}{chapter.6}% 89
\BOOKMARK [0][-]{chapter.7}{\376\377\000C\000o\000n\000v\000e\000r\000g\000e\000n\000c\000e\000\040\000a\000n\000d\000\040\000S\000t\000a\000b\000i\000l\000i\000t\000y\000\040\000o\000f\000\040\000T\000r\000a\000n\000s\000f\000i\000n\000i\000t\000e\000\040\000F\000r\000a\000c\000t\000a\000l\000s}{part.2}% 90
\BOOKMARK [1][-]{section.7.1}{\376\377\000O\000r\000d\000i\000n\000a\000l\000\040\000C\000o\000n\000v\000e\000r\000g\000e\000n\000c\000e}{chapter.7}% 91
\BOOKMARK [2][-]{subsection.7.1.1}{\376\377\000T\000r\000a\000n\000s\000f\000i\000n\000i\000t\000e\000\040\000S\000e\000q\000u\000e\000n\000c\000e\000s\000\040\000a\000n\000d\000\040\000T\000h\000e\000i\000r\000\040\000L\000i\000m\000i\000t\000s}{section.7.1}% 92
\BOOKMARK [2][-]{subsection.7.1.2}{\376\377\000R\000a\000t\000e\000\040\000o\000f\000\040\000C\000o\000n\000v\000e\000r\000g\000e\000n\000c\000e}{section.7.1}% 93
\BOOKMARK [2][-]{subsection.7.1.3}{\376\377\000C\000o\000n\000v\000e\000r\000g\000e\000n\000c\000e\000\040\000a\000t\000\040\000L\000i\000m\000i\000t\000\040\000O\000r\000d\000i\000n\000a\000l\000s}{section.7.1}% 94
\BOOKMARK [1][-]{section.7.2}{\376\377\000S\000t\000a\000b\000i\000l\000i\000t\000y\000\040\000o\000f\000\040\000A\000t\000t\000r\000a\000c\000t\000o\000r\000s}{chapter.7}% 95
\BOOKMARK [2][-]{subsection.7.2.1}{\376\377\000T\000h\000e\000\040\000A\000t\000t\000r\000a\000c\000t\000o\000r\000\040\000M\000a\000p}{section.7.2}% 96
\BOOKMARK [2][-]{subsection.7.2.2}{\376\377\000P\000e\000r\000t\000u\000r\000b\000a\000t\000i\000o\000n\000\040\000o\000f\000\040\000N\000o\000e\000t\000i\000c\000\040\000S\000e\000q\000u\000e\000n\000c\000e\000s}{section.7.2}% 97
\BOOKMARK [2][-]{subsection.7.2.3}{\376\377\000S\000e\000n\000s\000i\000t\000i\000v\000i\000t\000y\000\040\000A\000n\000a\000l\000y\000s\000i\000s}{section.7.2}% 98
\BOOKMARK [1][-]{section.7.3}{\376\377\000B\000a\000s\000i\000n\000\040\000o\000f\000\040\000A\000t\000t\000r\000a\000c\000t\000i\000o\000n}{chapter.7}% 99
\BOOKMARK [2][-]{subsection.7.3.1}{\376\377\000B\000a\000s\000i\000n\000\040\000S\000t\000r\000u\000c\000t\000u\000r\000e}{section.7.3}% 100
\BOOKMARK [1][-]{section.7.4}{\376\377\000O\000m\000e\000g\000a\000-\000L\000i\000m\000i\000t\000\040\000S\000e\000t\000s}{chapter.7}% 101
\BOOKMARK [2][-]{subsection.7.4.1}{\376\377\000D\000e\000f\000i\000n\000i\000t\000i\000o\000n\000\040\000a\000n\000d\000\040\000B\000a\000s\000i\000c\000\040\000P\000r\000o\000p\000e\000r\000t\000i\000e\000s}{section.7.4}% 102
\BOOKMARK [2][-]{subsection.7.4.2}{\376\377\000P\000e\000r\000i\000o\000d\000i\000c\000\040\000O\000r\000b\000i\000t\000s}{section.7.4}% 103
\BOOKMARK [1][-]{section.7.5}{\376\377\000L\000y\000a\000p\000u\000n\000o\000v\000\040\000E\000x\000p\000o\000n\000e\000n\000t\000s\000\040\000f\000o\000r\000\040\000N\000o\000e\000t\000i\000c\000\040\000F\000r\000a\000c\000t\000a\000l\000s}{chapter.7}% 104
\BOOKMARK [2][-]{subsection.7.5.1}{\376\377\000L\000y\000a\000p\000u\000n\000o\000v\000\040\000E\000x\000p\000o\000n\000e\000n\000t\000\040\000D\000e\000f\000i\000n\000i\000t\000i\000o\000n}{section.7.5}% 105
\BOOKMARK [2][-]{subsection.7.5.2}{\376\377\000I\000n\000t\000e\000r\000p\000r\000e\000t\000a\000t\000i\000o\000n\000\040\000a\000n\000d\000\040\000C\000l\000a\000s\000s\000i\000f\000i\000c\000a\000t\000i\000o\000n}{section.7.5}% 106
\BOOKMARK [2][-]{subsection.7.5.3}{\376\377\000L\000y\000a\000p\000u\000n\000o\000v\000\040\000S\000p\000e\000c\000t\000r\000u\000m}{section.7.5}% 107
\BOOKMARK [1][-]{section.7.6}{\376\377\000S\000t\000a\000b\000i\000l\000i\000z\000a\000t\000i\000o\000n\000\040\000T\000h\000e\000o\000r\000e\000m\000s}{chapter.7}% 108
\BOOKMARK [2][-]{subsection.7.6.1}{\376\377\000F\000i\000n\000i\000t\000e\000\040\000S\000t\000a\000b\000i\000l\000i\000z\000a\000t\000i\000o\000n}{section.7.6}% 109
\BOOKMARK [2][-]{subsection.7.6.2}{\376\377\000S\000t\000a\000b\000i\000l\000i\000z\000a\000t\000i\000o\000n\000\040\000O\000r\000d\000i\000n\000a\000l\000\040\000B\000o\000u\000n\000d\000s}{section.7.6}% 110
\BOOKMARK [2][-]{subsection.7.6.3}{\376\377\000C\000o\000n\000n\000e\000c\000t\000i\000o\000n\000\040\000t\000o\000\040\000v\0007\000.\0002\000\040\000R\000e\000s\000u\000l\000t\000s}{section.7.6}% 111
\BOOKMARK [1][-]{section.7.7}{\376\377\000C\000h\000a\000p\000t\000e\000r\000\040\000S\000u\000m\000m\000a\000r\000y\000\040\000a\000n\000d\000\040\000C\000o\000n\000n\000e\000c\000t\000i\000o\000n\000s}{chapter.7}% 112
\BOOKMARK [0][-]{chapter.8}{\376\377\000E\000x\000t\000e\000n\000d\000e\000d\000\040\000F\000r\000a\000c\000t\000a\000l\000\040\000C\000a\000l\000c\000u\000l\000u\000s}{part.2}% 113
\BOOKMARK [1][-]{section.8.1}{\376\377\000F\000r\000a\000c\000t\000a\000l\000\040\000D\000e\000r\000i\000v\000a\000t\000i\000v\000e\000s}{chapter.8}% 114
\BOOKMARK [2][-]{subsection.8.1.1}{\376\377\000T\000h\000e\000\040\000F\000r\000a\000c\000t\000a\000l\000\040\000D\000e\000r\000i\000v\000a\000t\000i\000v\000e\000\040\000o\000n\000\040\000I\000d\000e\000a\000\040\000S\000p\000a\000c\000e}{section.8.1}% 115
\BOOKMARK [2][-]{subsection.8.1.2}{\376\377\000G\000l\000o\000b\000a\000l\000\040\000F\000r\000a\000c\000t\000a\000l\000\040\000D\000e\000r\000i\000v\000a\000t\000i\000v\000e\000\040\000O\000p\000e\000r\000a\000t\000o\000r\000s}{section.8.1}% 116
\BOOKMARK [2][-]{subsection.8.1.3}{\376\377\000N\000o\000e\000t\000i\000c\000\040\000D\000e\000r\000i\000v\000a\000t\000i\000v\000e\000\040\000O\000p\000e\000r\000a\000t\000o\000r\000s}{section.8.1}% 117
\BOOKMARK [1][-]{section.8.2}{\376\377\000F\000r\000a\000c\000t\000a\000l\000\040\000I\000n\000t\000e\000g\000r\000a\000l\000s}{chapter.8}% 118
\BOOKMARK [2][-]{subsection.8.2.1}{\376\377\000H\000a\000u\000s\000d\000o\000r\000f\000f\000\040\000M\000e\000a\000s\000u\000r\000e\000\040\000I\000n\000t\000e\000g\000r\000a\000t\000i\000o\000n}{section.8.2}% 119
\BOOKMARK [2][-]{subsection.8.2.2}{\376\377\000I\000n\000t\000e\000g\000r\000a\000t\000i\000o\000n\000\040\000o\000v\000e\000r\000\040\000A\000t\000t\000r\000a\000c\000t\000o\000r\000\040\000S\000e\000t\000s}{section.8.2}% 120
\BOOKMARK [2][-]{subsection.8.2.3}{\376\377\000F\000r\000a\000c\000t\000a\000l\000\040\000F\000u\000b\000i\000n\000i\000\040\000T\000h\000e\000o\000r\000e\000m}{section.8.2}% 121
\BOOKMARK [2][-]{subsection.8.2.4}{\376\377\000F\000r\000a\000c\000t\000a\000l\000\040\000P\000a\000t\000h\000\040\000I\000n\000t\000e\000g\000r\000a\000l\000s}{section.8.2}% 122
\BOOKMARK [1][-]{section.8.3}{\376\377\000F\000r\000a\000c\000t\000a\000l\000\040\000D\000i\000f\000f\000e\000r\000e\000n\000t\000i\000a\000l\000\040\000E\000q\000u\000a\000t\000i\000o\000n\000s}{chapter.8}% 123
\BOOKMARK [2][-]{subsection.8.3.1}{\376\377\000F\000r\000a\000c\000t\000a\000l\000\040\000O\000D\000E\000s\000\040\000o\000n\000\040\000I\000d\000e\000a\000\040\000T\000r\000a\000j\000e\000c\000t\000o\000r\000i\000e\000s}{section.8.3}% 124
\BOOKMARK [2][-]{subsection.8.3.2}{\376\377\000E\000x\000i\000s\000t\000e\000n\000c\000e\000\040\000a\000n\000d\000\040\000U\000n\000i\000q\000u\000e\000n\000e\000s\000s}{section.8.3}% 125
\BOOKMARK [2][-]{subsection.8.3.3}{\376\377\000C\000o\000n\000n\000e\000c\000t\000i\000o\000n\000\040\000t\000o\000\040\000T\000r\000a\000n\000s\000f\000i\000n\000i\000t\000e\000\040\000I\000t\000e\000r\000a\000t\000i\000o\000n}{section.8.3}% 126
\BOOKMARK [1][-]{section.8.4}{\376\377\000F\000r\000a\000c\000t\000a\000l\000\040\000L\000a\000p\000l\000a\000c\000i\000a\000n}{chapter.8}% 127
\BOOKMARK [2][-]{subsection.8.4.1}{\376\377\000D\000e\000f\000i\000n\000i\000t\000i\000o\000n\000\040\000o\000f\000\040\000t\000h\000e\000\040\000F\000r\000a\000c\000t\000a\000l\000\040\000L\000a\000p\000l\000a\000c\000i\000a\000n}{section.8.4}% 128
\BOOKMARK [2][-]{subsection.8.4.2}{\376\377\000S\000p\000e\000c\000t\000r\000a\000l\000\040\000P\000r\000o\000p\000e\000r\000t\000i\000e\000s}{section.8.4}% 129
\BOOKMARK [2][-]{subsection.8.4.3}{\376\377\000H\000e\000a\000t\000\040\000K\000e\000r\000n\000e\000l\000\040\000o\000n\000\040\000F\000r\000a\000c\000t\000a\000l\000\040\000D\000o\000m\000a\000i\000n\000s}{section.8.4}% 130
\BOOKMARK [2][-]{subsection.8.4.4}{\376\377\000C\000o\000n\000n\000e\000c\000t\000i\000o\000n\000\040\000t\000o\000\040\000N\000o\000e\000t\000i\000c\000\040\000D\000y\000n\000a\000m\000i\000c\000s}{section.8.4}% 131
\BOOKMARK [1][-]{section.8.5}{\376\377\000C\000h\000a\000p\000t\000e\000r\000\040\000S\000u\000m\000m\000a\000r\000y\000\040\000a\000n\000d\000\040\000C\000o\000n\000n\000e\000c\000t\000i\000o\000n\000s}{chapter.8}% 132
\BOOKMARK [0][-]{chapter.9}{\376\377\000T\000r\000a\000n\000s\000f\000i\000n\000i\000t\000e\000\040\000F\000r\000a\000c\000t\000a\000l\000s\000\040\000a\000n\000d\000\040\000R\000P\000M\000\040\000D\000y\000n\000a\000m\000i\000c\000s}{part.2}% 133
\BOOKMARK [1][-]{section.9.1}{\376\377\000R\000P\000M\000\040\000C\000h\000a\000i\000n\000s\000\040\000a\000s\000\040\000T\000r\000a\000n\000s\000f\000i\000n\000i\000t\000e\000\040\000F\000r\000a\000c\000t\000a\000l\000s}{chapter.9}% 134
\BOOKMARK [2][-]{subsection.9.1.1}{\376\377\000T\000h\000e\000\040\000R\000P\000M\000-\000F\000r\000a\000c\000t\000a\000l\000\040\000C\000o\000r\000r\000e\000s\000p\000o\000n\000d\000e\000n\000c\000e}{section.9.1}% 135
\BOOKMARK [2][-]{subsection.9.1.2}{\376\377\000R\000P\000M\000\040\000D\000y\000n\000a\000m\000i\000c\000s\000\040\000a\000s\000\040\000F\000r\000a\000c\000t\000a\000l\000\040\000I\000t\000e\000r\000a\000t\000i\000o\000n}{section.9.1}% 136
\BOOKMARK [1][-]{section.9.2}{\376\377\000A\000t\000t\000r\000a\000c\000t\000o\000r\000\040\000S\000e\000m\000a\000n\000t\000i\000c\000s\000\040\000f\000o\000r\000\040\000G\000o\000a\000l\000s}{chapter.9}% 137
\BOOKMARK [2][-]{subsection.9.2.1}{\376\377\000G\000o\000a\000l\000s\000\040\000a\000s\000\040\000F\000i\000x\000e\000d\000\040\000P\000o\000i\000n\000t\000s}{section.9.2}% 138
\BOOKMARK [2][-]{subsection.9.2.2}{\376\377\000B\000a\000s\000i\000n\000\040\000o\000f\000\040\000A\000t\000t\000r\000a\000c\000t\000i\000o\000n}{section.9.2}% 139
\BOOKMARK [2][-]{subsection.9.2.3}{\376\377\000M\000u\000l\000t\000i\000-\000G\000o\000a\000l\000\040\000D\000y\000n\000a\000m\000i\000c\000s}{section.9.2}% 140
\BOOKMARK [1][-]{section.9.3}{\376\377\000F\000r\000a\000c\000t\000a\000l\000\040\000C\000o\000m\000p\000l\000e\000x\000i\000t\000y\000\040\000o\000f\000\040\000A\000c\000q\000u\000i\000s\000i\000t\000i\000o\000n\000s}{chapter.9}% 141
\BOOKMARK [2][-]{subsection.9.3.1}{\376\377\000A\000c\000q\000u\000i\000s\000i\000t\000i\000o\000n\000\040\000P\000a\000t\000h\000\040\000D\000i\000m\000e\000n\000s\000i\000o\000n}{section.9.3}% 142
\BOOKMARK [2][-]{subsection.9.3.2}{\376\377\000E\000n\000t\000r\000o\000p\000y\000\040\000o\000f\000\040\000R\000P\000M\000\040\000S\000e\000q\000u\000e\000n\000c\000e\000s}{section.9.3}% 143
\BOOKMARK [2][-]{subsection.9.3.3}{\376\377\000O\000p\000t\000i\000m\000a\000l\000\040\000P\000a\000t\000h\000\040\000C\000h\000a\000r\000a\000c\000t\000e\000r\000i\000z\000a\000t\000i\000o\000n}{section.9.3}% 144
\BOOKMARK [1][-]{section.9.4}{\376\377\000T\000r\000a\000n\000s\000f\000i\000n\000i\000t\000e\000\040\000R\000P\000M\000\040\000a\000n\000d\000\040\000t\000h\000e\000\040\000U\000n\000i\000f\000i\000e\000d\000\040\000S\000e\000m\000a\000n\000t\000i\000c\000\040\000T\000h\000e\000o\000r\000e\000m}{chapter.9}% 145
\BOOKMARK [2][-]{subsection.9.4.1}{\376\377\000T\000r\000a\000n\000s\000f\000i\000n\000i\000t\000e\000\040\000R\000P\000M\000\040\000E\000x\000t\000e\000n\000s\000i\000o\000n}{section.9.4}% 146
\BOOKMARK [2][-]{subsection.9.4.2}{\376\377\000T\000h\000e\000\040\000U\000n\000i\000f\000i\000e\000d\000\040\000S\000e\000m\000a\000n\000t\000i\000c\000\040\000T\000h\000e\000o\000r\000e\000m}{section.9.4}% 147
\BOOKMARK [1][-]{section.9.5}{\376\377\000C\000h\000a\000p\000t\000e\000r\000\040\000S\000u\000m\000m\000a\000r\000y\000\040\000a\000n\000d\000\040\000v\0007\000.\0003\000\040\000M\000a\000t\000h\000\040\000T\000r\000a\000c\000k\000\040\000H\000a\000n\000d\000o\000f\000f}{chapter.9}% 148
\BOOKMARK [2][-]{subsection.9.5.1}{\376\377\000K\000e\000y\000\040\000T\000h\000e\000o\000r\000e\000m\000s\000\040\000o\000f\000\040\000v\0007\000.\0003\000\040\000M\000a\000t\000h\000\040\000T\000r\000a\000c\000k}{section.9.5}% 149
\BOOKMARK [2][-]{subsection.9.5.2}{\376\377\000O\000p\000e\000n\000\040\000P\000r\000o\000b\000l\000e\000m\000s\000\040\000f\000o\000r\000\040\000F\000u\000t\000u\000r\000e\000\040\000W\000o\000r\000k}{section.9.5}% 150
\BOOKMARK [2][-]{subsection.9.5.3}{\376\377\000H\000a\000n\000d\000o\000f\000f\000\040\000N\000o\000t\000e\000s\000\040\000f\000o\000r\000\040\000C\000o\000n\000t\000i\000n\000u\000a\000t\000i\000o\000n}{section.9.5}% 151
\BOOKMARK [-1][-]{part.3}{\376\377\000I\000I\000I\000\040\000E\000x\000t\000e\000n\000d\000e\000d\000\040\000T\000K\000S\000\040\000L\000a\000n\000g\000u\000a\000g\000e\000\040\000a\000n\000d\000\040\000V\000i\000r\000t\000u\000a\000l\000\040\000M\000a\000c\000h\000i\000n\000e}{}% 152
\BOOKMARK [0][-]{chapter.10}{\376\377\000E\000x\000t\000e\000n\000d\000e\000d\000\040\000T\000K\000S\000\040\000L\000a\000n\000g\000u\000a\000g\000e\000\040\000S\000p\000e\000c\000i\000f\000i\000c\000a\000t\000i\000o\000n}{part.3}% 153
\BOOKMARK [1][-]{section.10.1}{\376\377\000R\000e\000v\000i\000e\000w\000:\000\040\000v\0007\000.\0002\000\040\000L\000a\000n\000g\000u\000a\000g\000e\000\040\000C\000o\000r\000e}{chapter.10}% 154
\BOOKMARK [1][-]{section.10.2}{\376\377\000E\000x\000t\000e\000n\000d\000e\000d\000\040\000L\000e\000x\000i\000c\000a\000l\000\040\000S\000t\000r\000u\000c\000t\000u\000r\000e}{chapter.10}% 155
\BOOKMARK [2][-]{subsection.10.2.1}{\376\377\000N\000e\000w\000\040\000K\000e\000y\000w\000o\000r\000d\000s}{section.10.2}% 156
\BOOKMARK [2][-]{subsection.10.2.2}{\376\377\000E\000x\000t\000e\000n\000d\000e\000d\000\040\000T\000o\000k\000e\000n\000\040\000S\000e\000t}{section.10.2}% 157
\BOOKMARK [1][-]{section.10.3}{\376\377\000E\000x\000t\000e\000n\000d\000e\000d\000\040\000G\000r\000a\000m\000m\000a\000r}{chapter.10}% 158
\BOOKMARK [2][-]{subsection.10.3.1}{\376\377\000T\000o\000p\000-\000L\000e\000v\000e\000l\000\040\000D\000e\000c\000l\000a\000r\000a\000t\000i\000o\000n\000s}{section.10.3}% 159
\BOOKMARK [2][-]{subsection.10.3.2}{\376\377\000E\000x\000p\000r\000e\000s\000s\000i\000o\000n\000\040\000E\000x\000t\000e\000n\000s\000i\000o\000n\000s}{section.10.3}% 160
\BOOKMARK [1][-]{section.10.4}{\376\377\000T\000r\000a\000n\000s\000f\000i\000n\000i\000t\000e\000\040\000E\000x\000p\000r\000e\000s\000s\000i\000o\000n\000\040\000S\000y\000n\000t\000a\000x}{chapter.10}% 161
\BOOKMARK [2][-]{subsection.10.4.1}{\376\377\000T\000r\000a\000n\000s\000f\000i\000n\000i\000t\000e\000\040\000F\000r\000a\000c\000t\000a\000l\000\040\000L\000i\000t\000e\000r\000a\000l\000s}{section.10.4}% 162
\BOOKMARK [2][-]{subsection.10.4.2}{\376\377\000T\000r\000a\000n\000s\000f\000i\000n\000i\000t\000e\000\040\000L\000o\000o\000p\000\040\000S\000y\000n\000t\000a\000x}{section.10.4}% 163
\BOOKMARK [1][-]{section.10.5}{\376\377\000E\000f\000f\000e\000c\000t\000\040\000D\000e\000c\000l\000a\000r\000a\000t\000i\000o\000n\000\040\000S\000y\000n\000t\000a\000x}{chapter.10}% 164
\BOOKMARK [2][-]{subsection.10.5.1}{\376\377\000E\000f\000f\000e\000c\000t\000\040\000D\000e\000c\000l\000a\000r\000a\000t\000i\000o\000n\000s}{section.10.5}% 165
\BOOKMARK [1][-]{section.10.6}{\376\377\000H\000a\000n\000d\000l\000e\000r\000\040\000S\000y\000n\000t\000a\000x}{chapter.10}% 166
\BOOKMARK [2][-]{subsection.10.6.1}{\376\377\000H\000a\000n\000d\000l\000e\000r\000\040\000E\000x\000p\000r\000e\000s\000s\000i\000o\000n\000s}{section.10.6}% 167
\BOOKMARK [2][-]{subsection.10.6.2}{\376\377\000Q\000u\000a\000n\000t\000u\000m\000\040\000O\000p\000e\000r\000a\000t\000i\000o\000n\000\040\000S\000y\000n\000t\000a\000x}{section.10.6}% 168
\BOOKMARK [1][-]{section.10.7}{\376\377\000S\000u\000m\000m\000a\000r\000y\000:\000\040\000v\0007\000.\0003\000\040\000S\000y\000n\000t\000a\000x\000\040\000E\000x\000t\000e\000n\000s\000i\000o\000n\000s}{chapter.10}% 169
\BOOKMARK [0][-]{chapter.11}{\376\377\000E\000x\000t\000e\000n\000d\000e\000d\000\040\000T\000y\000p\000e\000\040\000S\000y\000s\000t\000e\000m}{part.3}% 170
\BOOKMARK [1][-]{section.11.1}{\376\377\000R\000e\000v\000i\000e\000w\000:\000\040\000v\0007\000.\0002\000\040\000T\000y\000p\000e\000\040\000S\000y\000s\000t\000e\000m\000\040\000C\000o\000r\000e}{chapter.11}% 171
\BOOKMARK [1][-]{section.11.2}{\376\377\000E\000f\000f\000e\000c\000t\000\040\000T\000y\000p\000e\000s}{chapter.11}% 172
\BOOKMARK [2][-]{subsection.11.2.1}{\376\377\000E\000f\000f\000e\000c\000t\000\040\000T\000y\000p\000e\000\040\000S\000y\000n\000t\000a\000x}{section.11.2}% 173
\BOOKMARK [1][-]{section.11.3}{\376\377\000R\000o\000w\000\040\000P\000o\000l\000y\000m\000o\000r\000p\000h\000i\000s\000m\000\040\000f\000o\000r\000\040\000E\000f\000f\000e\000c\000t\000s}{chapter.11}% 174
\BOOKMARK [2][-]{subsection.11.3.1}{\376\377\000R\000o\000w\000\040\000V\000a\000r\000i\000a\000b\000l\000e\000s\000\040\000a\000n\000d\000\040\000Q\000u\000a\000n\000t\000i\000f\000i\000c\000a\000t\000i\000o\000n}{section.11.3}% 175
\BOOKMARK [2][-]{subsection.11.3.2}{\376\377\000R\000o\000w\000\040\000U\000n\000i\000f\000i\000c\000a\000t\000i\000o\000n}{section.11.3}% 176
\BOOKMARK [1][-]{section.11.4}{\376\377\000O\000r\000d\000i\000n\000a\000l\000-\000I\000n\000d\000e\000x\000e\000d\000\040\000T\000y\000p\000e\000s}{chapter.11}% 177
\BOOKMARK [2][-]{subsection.11.4.1}{\376\377\000O\000r\000d\000i\000n\000a\000l\000\040\000T\000y\000p\000e\000\040\000I\000n\000d\000i\000c\000e\000s}{section.11.4}% 178
\BOOKMARK [2][-]{subsection.11.4.2}{\376\377\000B\000o\000u\000n\000d\000e\000d\000\040\000O\000r\000d\000i\000n\000a\000l\000\040\000Q\000u\000a\000n\000t\000i\000f\000i\000c\000a\000t\000i\000o\000n}{section.11.4}% 179
\BOOKMARK [1][-]{section.11.5}{\376\377\000W\000o\000r\000l\000d\000-\000S\000t\000r\000a\000t\000i\000f\000i\000e\000d\000\040\000T\000y\000p\000e\000s}{chapter.11}% 180
\BOOKMARK [2][-]{subsection.11.5.1}{\376\377\000W\000o\000r\000l\000d\000-\000P\000a\000r\000a\000m\000e\000t\000e\000r\000i\000z\000e\000d\000\040\000T\000y\000p\000e\000s}{section.11.5}% 181
\BOOKMARK [2][-]{subsection.11.5.2}{\376\377\000A\000C\000B\000E\000-\000R\000e\000s\000p\000e\000c\000t\000i\000n\000g\000\040\000T\000y\000p\000e\000\040\000C\000o\000e\000r\000c\000i\000o\000n\000s}{section.11.5}% 182
\BOOKMARK [1][-]{section.11.6}{\376\377\000S\000u\000b\000t\000y\000p\000i\000n\000g\000\040\000f\000o\000r\000\040\000E\000f\000f\000e\000c\000t\000s}{chapter.11}% 183
\BOOKMARK [2][-]{subsection.11.6.1}{\376\377\000E\000f\000f\000e\000c\000t\000\040\000R\000o\000w\000\040\000S\000u\000b\000t\000y\000p\000i\000n\000g}{section.11.6}% 184
\BOOKMARK [2][-]{subsection.11.6.2}{\376\377\000T\000y\000p\000e\000\040\000S\000u\000b\000t\000y\000p\000i\000n\000g\000\040\000w\000i\000t\000h\000\040\000E\000f\000f\000e\000c\000t\000s}{section.11.6}% 185
\BOOKMARK [1][-]{section.11.7}{\376\377\000T\000y\000p\000i\000n\000g\000\040\000R\000u\000l\000e\000s\000\040\000f\000o\000r\000\040\000v\0007\000.\0003\000\040\000C\000o\000n\000s\000t\000r\000u\000c\000t\000s}{chapter.11}% 186
\BOOKMARK [2][-]{subsection.11.7.1}{\376\377\000E\000f\000f\000e\000c\000t\000\040\000O\000p\000e\000r\000a\000t\000i\000o\000n\000\040\000T\000y\000p\000i\000n\000g}{section.11.7}% 187
\BOOKMARK [2][-]{subsection.11.7.2}{\376\377\000H\000a\000n\000d\000l\000e\000r\000\040\000T\000y\000p\000i\000n\000g}{section.11.7}% 188
\BOOKMARK [2][-]{subsection.11.7.3}{\376\377\000T\000r\000a\000n\000s\000f\000i\000n\000i\000t\000e\000\040\000F\000r\000a\000c\000t\000a\000l\000\040\000T\000y\000p\000i\000n\000g}{section.11.7}% 189
\BOOKMARK [2][-]{subsection.11.7.4}{\376\377\000Q\000u\000a\000n\000t\000u\000m\000\040\000O\000p\000e\000r\000a\000t\000i\000o\000n\000\040\000T\000y\000p\000i\000n\000g}{section.11.7}% 190
\BOOKMARK [1][-]{section.11.8}{\376\377\000E\000x\000t\000e\000n\000d\000e\000d\000\040\000A\000l\000g\000o\000r\000i\000t\000h\000m\000\040\000W}{chapter.11}% 191
\BOOKMARK [2][-]{subsection.11.8.1}{\376\377\000E\000x\000t\000e\000n\000d\000e\000d\000\040\000T\000y\000p\000e\000\040\000I\000n\000f\000e\000r\000e\000n\000c\000e\000\040\000S\000t\000a\000t\000e}{section.11.8}% 192
\BOOKMARK [2][-]{subsection.11.8.2}{\376\377\000P\000r\000i\000n\000c\000i\000p\000a\000l\000\040\000T\000y\000p\000e\000s\000\040\000w\000i\000t\000h\000\040\000E\000f\000f\000e\000c\000t\000s}{section.11.8}% 193
\BOOKMARK [1][-]{section.11.9}{\376\377\000T\000y\000p\000e\000\040\000S\000o\000u\000n\000d\000n\000e\000s\000s}{chapter.11}% 194
\BOOKMARK [0][-]{chapter.12}{\376\377\000A\000l\000g\000e\000b\000r\000a\000i\000c\000\040\000E\000f\000f\000e\000c\000t\000\040\000H\000a\000n\000d\000l\000e\000r\000s}{part.3}% 195
\BOOKMARK [1][-]{section.12.1}{\376\377\000E\000f\000f\000e\000c\000t\000\040\000H\000a\000n\000d\000l\000e\000r\000\040\000T\000h\000e\000o\000r\000y}{chapter.12}% 196
\BOOKMARK [2][-]{subsection.12.1.1}{\376\377\000A\000l\000g\000e\000b\000r\000a\000i\000c\000\040\000E\000f\000f\000e\000c\000t\000s\000\040\000a\000n\000d\000\040\000O\000p\000e\000r\000a\000t\000i\000o\000n\000s}{section.12.1}% 197
\BOOKMARK [2][-]{subsection.12.1.2}{\376\377\000F\000r\000e\000e\000\040\000M\000o\000n\000a\000d\000\040\000I\000n\000t\000e\000r\000p\000r\000e\000t\000a\000t\000i\000o\000n}{section.12.1}% 198
\BOOKMARK [2][-]{subsection.12.1.3}{\376\377\000D\000e\000l\000i\000m\000i\000t\000e\000d\000\040\000C\000o\000n\000t\000i\000n\000u\000a\000t\000i\000o\000n\000s}{section.12.1}% 199
\BOOKMARK [2][-]{subsection.12.1.4}{\376\377\000H\000a\000n\000d\000l\000e\000r\000\040\000S\000y\000n\000t\000a\000x\000\040\000a\000n\000d\000\040\000S\000t\000r\000u\000c\000t\000u\000r\000e}{section.12.1}% 200
\BOOKMARK [1][-]{section.12.2}{\376\377\000R\000P\000M\000\040\000E\000f\000f\000e\000c\000t\000\040\000H\000a\000n\000d\000l\000e\000r\000s}{chapter.12}% 201
\BOOKMARK [2][-]{subsection.12.2.1}{\376\377\000R\000P\000M\000\040\000E\000f\000f\000e\000c\000t\000\040\000O\000p\000e\000r\000a\000t\000i\000o\000n\000s}{section.12.2}% 202
\BOOKMARK [2][-]{subsection.12.2.2}{\376\377\000R\000P\000M\000\040\000H\000a\000n\000d\000l\000e\000r\000\040\000D\000e\000f\000i\000n\000i\000t\000i\000o\000n}{section.12.2}% 203
\BOOKMARK [2][-]{subsection.12.2.3}{\376\377\000C\000o\000n\000n\000e\000c\000t\000i\000o\000n\000\040\000t\000o\000\040\000v\0007\000.\0002\000\040\000R\000P\000M\000\040\000M\000o\000n\000a\000d}{section.12.2}% 204
\BOOKMARK [2][-]{subsection.12.2.4}{\376\377\000D\000e\000e\000p\000\040\000v\000s\000\040\000S\000h\000a\000l\000l\000o\000w\000\040\000R\000P\000M\000\040\000H\000a\000n\000d\000l\000e\000r\000s}{section.12.2}% 205
\BOOKMARK [1][-]{section.12.3}{\376\377\000Q\000u\000a\000n\000t\000u\000m\000\040\000E\000f\000f\000e\000c\000t\000\040\000H\000a\000n\000d\000l\000e\000r\000s}{chapter.12}% 206
\BOOKMARK [2][-]{subsection.12.3.1}{\376\377\000Q\000u\000a\000n\000t\000u\000m\000\040\000E\000f\000f\000e\000c\000t\000\040\000O\000p\000e\000r\000a\000t\000i\000o\000n\000s}{section.12.3}% 207
\BOOKMARK [2][-]{subsection.12.3.2}{\376\377\000Q\000u\000a\000n\000t\000u\000m\000\040\000H\000a\000n\000d\000l\000e\000r\000\040\000D\000e\000f\000i\000n\000i\000t\000i\000o\000n}{section.12.3}% 208
\BOOKMARK [2][-]{subsection.12.3.3}{\376\377\000M\000e\000a\000s\000u\000r\000e\000m\000e\000n\000t\000\040\000a\000n\000d\000\040\000C\000o\000l\000l\000a\000p\000s\000e}{section.12.3}% 209
\BOOKMARK [2][-]{subsection.12.3.4}{\376\377\000E\000n\000t\000a\000n\000g\000l\000e\000m\000e\000n\000t\000\040\000H\000a\000n\000d\000l\000i\000n\000g}{section.12.3}% 210
\BOOKMARK [1][-]{section.12.4}{\376\377\000H\000a\000n\000d\000l\000e\000r\000\040\000C\000o\000m\000p\000o\000s\000i\000t\000i\000o\000n}{chapter.12}% 211
\BOOKMARK [2][-]{subsection.12.4.1}{\376\377\000H\000a\000n\000d\000l\000e\000r\000\040\000N\000e\000s\000t\000i\000n\000g}{section.12.4}% 212
\BOOKMARK [2][-]{subsection.12.4.2}{\376\377\000E\000f\000f\000e\000c\000t\000\040\000C\000o\000m\000m\000u\000t\000a\000t\000i\000v\000i\000t\000y}{section.12.4}% 213
\BOOKMARK [2][-]{subsection.12.4.3}{\376\377\000H\000a\000n\000d\000l\000e\000r\000\040\000C\000o\000m\000b\000i\000n\000a\000t\000o\000r\000s}{section.12.4}% 214
\BOOKMARK [1][-]{section.12.5}{\376\377\000O\000p\000e\000r\000a\000t\000i\000o\000n\000a\000l\000\040\000S\000e\000m\000a\000n\000t\000i\000c\000s\000\040\000o\000f\000\040\000H\000a\000n\000d\000l\000e\000r\000s}{chapter.12}% 215
\BOOKMARK [2][-]{subsection.12.5.1}{\376\377\000V\000a\000l\000u\000e\000s\000\040\000a\000n\000d\000\040\000E\000v\000a\000l\000u\000a\000t\000i\000o\000n\000\040\000C\000o\000n\000t\000e\000x\000t\000s}{section.12.5}% 216
\BOOKMARK [2][-]{subsection.12.5.2}{\376\377\000S\000m\000a\000l\000l\000-\000S\000t\000e\000p\000\040\000R\000e\000d\000u\000c\000t\000i\000o\000n\000\040\000R\000u\000l\000e\000s}{section.12.5}% 217
\BOOKMARK [2][-]{subsection.12.5.3}{\376\377\000R\000P\000M\000\040\000H\000a\000n\000d\000l\000e\000r\000\040\000R\000e\000d\000u\000c\000t\000i\000o\000n\000\040\000E\000x\000a\000m\000p\000l\000e\000s}{section.12.5}% 218
\BOOKMARK [2][-]{subsection.12.5.4}{\376\377\000Q\000u\000a\000n\000t\000u\000m\000\040\000H\000a\000n\000d\000l\000e\000r\000\040\000R\000e\000d\000u\000c\000t\000i\000o\000n}{section.12.5}% 219
\BOOKMARK [1][-]{section.12.6}{\376\377\000T\000y\000p\000e\000\040\000S\000o\000u\000n\000d\000n\000e\000s\000s\000\040\000f\000o\000r\000\040\000H\000a\000n\000d\000l\000e\000r\000s}{chapter.12}% 220
\BOOKMARK [0][-]{chapter.13}{\376\377\000E\000x\000t\000e\000n\000d\000e\000d\000\040\000C\000o\000m\000p\000i\000l\000e\000r\000\040\000A\000r\000c\000h\000i\000t\000e\000c\000t\000u\000r\000e}{part.3}% 221
\BOOKMARK [1][-]{section.13.1}{\376\377\000E\000x\000t\000e\000n\000d\000e\000d\000\040\000L\000e\000x\000e\000r}{chapter.13}% 222
\BOOKMARK [2][-]{subsection.13.1.1}{\376\377\000T\000o\000k\000e\000n\000\040\000S\000e\000t\000\040\000E\000x\000t\000e\000n\000s\000i\000o\000n\000s}{section.13.1}% 223
\BOOKMARK [2][-]{subsection.13.1.2}{\376\377\000U\000n\000i\000c\000o\000d\000e\000\040\000S\000u\000p\000p\000o\000r\000t}{section.13.1}% 224
\BOOKMARK [2][-]{subsection.13.1.3}{\376\377\000L\000e\000x\000e\000r\000\040\000S\000t\000a\000t\000e\000\040\000M\000a\000c\000h\000i\000n\000e}{section.13.1}% 225
\BOOKMARK [2][-]{subsection.13.1.4}{\376\377\000L\000e\000x\000e\000r\000\040\000P\000s\000e\000u\000d\000o\000c\000o\000d\000e}{section.13.1}% 226
\BOOKMARK [1][-]{section.13.2}{\376\377\000E\000x\000t\000e\000n\000d\000e\000d\000\040\000P\000a\000r\000s\000e\000r}{chapter.13}% 227
\BOOKMARK [2][-]{subsection.13.2.1}{\376\377\000E\000x\000t\000e\000n\000d\000e\000d\000\040\000G\000r\000a\000m\000m\000a\000r}{section.13.2}% 228
\BOOKMARK [2][-]{subsection.13.2.2}{\376\377\000P\000r\000e\000c\000e\000d\000e\000n\000c\000e\000\040\000a\000n\000d\000\040\000A\000s\000s\000o\000c\000i\000a\000t\000i\000v\000i\000t\000y}{section.13.2}% 229
\BOOKMARK [2][-]{subsection.13.2.3}{\376\377\000P\000a\000r\000s\000e\000r\000\040\000I\000m\000p\000l\000e\000m\000e\000n\000t\000a\000t\000i\000o\000n}{section.13.2}% 230
\BOOKMARK [2][-]{subsection.13.2.4}{\376\377\000E\000r\000r\000o\000r\000\040\000R\000e\000c\000o\000v\000e\000r\000y}{section.13.2}% 231
\BOOKMARK [1][-]{section.13.3}{\376\377\000E\000x\000t\000e\000n\000d\000e\000d\000\040\000A\000S\000T}{chapter.13}% 232
\BOOKMARK [2][-]{subsection.13.3.1}{\376\377\000A\000S\000T\000\040\000N\000o\000d\000e\000\040\000T\000y\000p\000e\000s}{section.13.3}% 233
\BOOKMARK [2][-]{subsection.13.3.2}{\376\377\000A\000S\000T\000\040\000A\000n\000n\000o\000t\000a\000t\000i\000o\000n\000s}{section.13.3}% 234
\BOOKMARK [2][-]{subsection.13.3.3}{\376\377\000A\000S\000T\000\040\000W\000e\000l\000l\000-\000f\000o\000r\000m\000e\000d\000n\000e\000s\000s}{section.13.3}% 235
\BOOKMARK [1][-]{section.13.4}{\376\377\000E\000f\000f\000e\000c\000t\000-\000A\000w\000a\000r\000e\000\040\000I\000n\000t\000e\000r\000m\000e\000d\000i\000a\000t\000e\000\040\000R\000e\000p\000r\000e\000s\000e\000n\000t\000a\000t\000i\000o\000n}{chapter.13}% 236
\BOOKMARK [2][-]{subsection.13.4.1}{\376\377\000I\000R\000\040\000D\000e\000s\000i\000g\000n}{section.13.4}% 237
\BOOKMARK [2][-]{subsection.13.4.2}{\376\377\000A\000N\000F\000\040\000T\000r\000a\000n\000s\000f\000o\000r\000m\000a\000t\000i\000o\000n}{section.13.4}% 238
\BOOKMARK [2][-]{subsection.13.4.3}{\376\377\000C\000P\000S\000\040\000T\000r\000a\000n\000s\000f\000o\000r\000m\000a\000t\000i\000o\000n\000\040\000f\000o\000r\000\040\000H\000a\000n\000d\000l\000e\000r\000s}{section.13.4}% 239
\BOOKMARK [2][-]{subsection.13.4.4}{\376\377\000I\000R\000\040\000T\000y\000p\000i\000n\000g\000\040\000P\000r\000e\000s\000e\000r\000v\000a\000t\000i\000o\000n}{section.13.4}% 240
\BOOKMARK [1][-]{section.13.5}{\376\377\000O\000p\000t\000i\000m\000i\000z\000a\000t\000i\000o\000n\000\040\000P\000a\000s\000s\000e\000s}{chapter.13}% 241
\BOOKMARK [2][-]{subsection.13.5.1}{\376\377\000E\000f\000f\000e\000c\000t\000-\000A\000w\000a\000r\000e\000\040\000O\000p\000t\000i\000m\000i\000z\000a\000t\000i\000o\000n\000\040\000F\000r\000a\000m\000e\000w\000o\000r\000k}{section.13.5}% 242
\BOOKMARK [2][-]{subsection.13.5.2}{\376\377\000D\000e\000a\000d\000\040\000E\000f\000f\000e\000c\000t\000\040\000E\000l\000i\000m\000i\000n\000a\000t\000i\000o\000n}{section.13.5}% 243
\BOOKMARK [2][-]{subsection.13.5.3}{\376\377\000H\000a\000n\000d\000l\000e\000r\000\040\000F\000u\000s\000i\000o\000n}{section.13.5}% 244
\BOOKMARK [2][-]{subsection.13.5.4}{\376\377\000H\000a\000n\000d\000l\000e\000r\000\040\000I\000n\000l\000i\000n\000i\000n\000g}{section.13.5}% 245
\BOOKMARK [2][-]{subsection.13.5.5}{\376\377\000O\000r\000d\000i\000n\000a\000l\000\040\000L\000o\000o\000p\000\040\000O\000p\000t\000i\000m\000i\000z\000a\000t\000i\000o\000n}{section.13.5}% 246
\BOOKMARK [0][-]{chapter.14}{\376\377\000T\000K\000S\000\040\000V\000i\000r\000t\000u\000a\000l\000\040\000M\000a\000c\000h\000i\000n\000e}{part.3}% 247
\BOOKMARK [1][-]{section.14.1}{\376\377\000V\000M\000\040\000A\000r\000c\000h\000i\000t\000e\000c\000t\000u\000r\000e}{chapter.14}% 248
\BOOKMARK [2][-]{subsection.14.1.1}{\376\377\000D\000e\000s\000i\000g\000n\000\040\000O\000v\000e\000r\000v\000i\000e\000w}{section.14.1}% 249
\BOOKMARK [2][-]{subsection.14.1.2}{\376\377\000V\000M\000\040\000S\000t\000a\000t\000e}{section.14.1}% 250
\BOOKMARK [2][-]{subsection.14.1.3}{\376\377\000M\000e\000m\000o\000r\000y\000\040\000M\000o\000d\000e\000l}{section.14.1}% 251
\BOOKMARK [1][-]{section.14.2}{\376\377\000I\000n\000s\000t\000r\000u\000c\000t\000i\000o\000n\000\040\000S\000e\000t}{chapter.14}% 252
\BOOKMARK [2][-]{subsection.14.2.1}{\376\377\000I\000n\000s\000t\000r\000u\000c\000t\000i\000o\000n\000\040\000E\000n\000c\000o\000d\000i\000n\000g}{section.14.2}% 253
\BOOKMARK [2][-]{subsection.14.2.2}{\376\377\000C\000o\000r\000e\000\040\000I\000n\000s\000t\000r\000u\000c\000t\000i\000o\000n\000s}{section.14.2}% 254
\BOOKMARK [2][-]{subsection.14.2.3}{\376\377\000T\000K\000S\000\040\000D\000o\000m\000a\000i\000n\000\040\000I\000n\000s\000t\000r\000u\000c\000t\000i\000o\000n\000s}{section.14.2}% 255
\BOOKMARK [2][-]{subsection.14.2.4}{\376\377\000R\000P\000M\000\040\000I\000n\000s\000t\000r\000u\000c\000t\000i\000o\000n\000s}{section.14.2}% 256
\BOOKMARK [2][-]{subsection.14.2.5}{\376\377\000E\000f\000f\000e\000c\000t\000\040\000I\000n\000s\000t\000r\000u\000c\000t\000i\000o\000n\000s\000\040\000\050\000v\0007\000.\0003\000\051}{section.14.2}% 257
\BOOKMARK [2][-]{subsection.14.2.6}{\376\377\000T\000r\000a\000n\000s\000f\000i\000n\000i\000t\000e\000\040\000I\000n\000s\000t\000r\000u\000c\000t\000i\000o\000n\000s\000\040\000\050\000v\0007\000.\0003\000\051}{section.14.2}% 258
\BOOKMARK [2][-]{subsection.14.2.7}{\376\377\000Q\000u\000a\000n\000t\000u\000m\000\040\000I\000n\000s\000t\000r\000u\000c\000t\000i\000o\000n\000s\000\040\000\050\000v\0007\000.\0003\000\051}{section.14.2}% 259
\BOOKMARK [2][-]{subsection.14.2.8}{\376\377\000C\000l\000o\000s\000u\000r\000e\000\040\000a\000n\000d\000\040\000A\000l\000l\000o\000c\000a\000t\000i\000o\000n\000\040\000I\000n\000s\000t\000r\000u\000c\000t\000i\000o\000n\000s}{section.14.2}% 260
\BOOKMARK [2][-]{subsection.14.2.9}{\376\377\000I\000n\000s\000t\000r\000u\000c\000t\000i\000o\000n\000\040\000E\000x\000a\000m\000p\000l\000e\000s}{section.14.2}% 261
\BOOKMARK [1][-]{section.14.3}{\376\377\000R\000P\000M\000-\000A\000w\000a\000r\000e\000\040\000E\000x\000e\000c\000u\000t\000i\000o\000n}{chapter.14}% 262
\BOOKMARK [2][-]{subsection.14.3.1}{\376\377\000R\000P\000M\000\040\000S\000t\000a\000t\000e\000\040\000i\000n\000\040\000V\000M\000\040\000C\000o\000n\000t\000e\000x\000t}{section.14.3}% 263
\BOOKMARK [2][-]{subsection.14.3.2}{\376\377\000R\000P\000M\000\040\000I\000n\000s\000t\000r\000u\000c\000t\000i\000o\000n\000\040\000S\000e\000m\000a\000n\000t\000i\000c\000s}{section.14.3}% 264
\BOOKMARK [2][-]{subsection.14.3.3}{\376\377\000G\000o\000a\000l\000\040\000a\000n\000d\000\040\000P\000r\000e\000r\000e\000q\000u\000i\000s\000i\000t\000e\000\040\000T\000r\000a\000c\000k\000i\000n\000g}{section.14.3}% 265
\BOOKMARK [1][-]{section.14.4}{\376\377\000E\000f\000f\000e\000c\000t\000\040\000H\000a\000n\000d\000l\000i\000n\000g\000\040\000i\000n\000\040\000V\000M}{chapter.14}% 266
\BOOKMARK [2][-]{subsection.14.4.1}{\376\377\000H\000a\000n\000d\000l\000e\000r\000\040\000S\000t\000a\000c\000k\000\040\000M\000a\000n\000a\000g\000e\000m\000e\000n\000t}{section.14.4}% 267
\BOOKMARK [2][-]{subsection.14.4.2}{\376\377\000C\000o\000n\000t\000i\000n\000u\000a\000t\000i\000o\000n\000\040\000C\000a\000p\000t\000u\000r\000e\000\040\000a\000n\000d\000\040\000R\000e\000s\000t\000o\000r\000a\000t\000i\000o\000n}{section.14.4}% 268
\BOOKMARK [2][-]{subsection.14.4.3}{\376\377\000H\000a\000n\000d\000l\000e\000r\000\040\000R\000e\000t\000u\000r\000n\000\040\000C\000l\000a\000u\000s\000e}{section.14.4}% 269
\BOOKMARK [2][-]{subsection.14.4.4}{\376\377\000C\000o\000r\000r\000e\000c\000t\000n\000e\000s\000s\000\040\000T\000h\000e\000o\000r\000e\000m}{section.14.4}% 270
\BOOKMARK [1][-]{section.14.5}{\376\377\000T\000r\000a\000n\000s\000f\000i\000n\000i\000t\000e\000\040\000L\000o\000o\000p\000\040\000E\000x\000e\000c\000u\000t\000i\000o\000n}{chapter.14}% 271
\BOOKMARK [2][-]{subsection.14.5.1}{\376\377\000O\000r\000d\000i\000n\000a\000l\000\040\000R\000e\000p\000r\000e\000s\000e\000n\000t\000a\000t\000i\000o\000n}{section.14.5}% 272
\BOOKMARK [2][-]{subsection.14.5.2}{\376\377\000T\000r\000a\000n\000s\000f\000i\000n\000i\000t\000e\000\040\000L\000o\000o\000p\000\040\000E\000x\000e\000c\000u\000t\000i\000o\000n\000\040\000M\000o\000d\000e\000l}{section.14.5}% 273
\BOOKMARK [2][-]{subsection.14.5.3}{\376\377\000C\000o\000n\000v\000e\000r\000g\000e\000n\000c\000e\000\040\000D\000e\000t\000e\000c\000t\000i\000o\000n}{section.14.5}% 274
\BOOKMARK [1][-]{section.14.6}{\376\377\000G\000a\000r\000b\000a\000g\000e\000\040\000C\000o\000l\000l\000e\000c\000t\000i\000o\000n}{chapter.14}% 275
\BOOKMARK [2][-]{subsection.14.6.1}{\376\377\000G\000C\000\040\000D\000e\000s\000i\000g\000n}{section.14.6}% 276
\BOOKMARK [2][-]{subsection.14.6.2}{\376\377\000I\000d\000e\000a\000\040\000P\000e\000r\000s\000i\000s\000t\000e\000n\000c\000e}{section.14.6}% 277
\BOOKMARK [0][-]{chapter.15}{\376\377\000M\000o\000d\000u\000l\000e\000\040\000S\000y\000s\000t\000e\000m}{part.3}% 278
\BOOKMARK [1][-]{section.15.1}{\376\377\000M\000o\000d\000u\000l\000e\000\040\000S\000y\000n\000t\000a\000x}{chapter.15}% 279
\BOOKMARK [2][-]{subsection.15.1.1}{\376\377\000M\000o\000d\000u\000l\000e\000\040\000D\000e\000c\000l\000a\000r\000a\000t\000i\000o\000n\000s}{section.15.1}% 280
\BOOKMARK [2][-]{subsection.15.1.2}{\376\377\000I\000m\000p\000o\000r\000t\000\040\000S\000t\000a\000t\000e\000m\000e\000n\000t\000s}{section.15.1}% 281
\BOOKMARK [2][-]{subsection.15.1.3}{\376\377\000Q\000u\000a\000l\000i\000f\000i\000e\000d\000\040\000N\000a\000m\000e\000s\000\040\000a\000n\000d\000\040\000A\000l\000i\000a\000s\000i\000n\000g}{section.15.1}% 282
\BOOKMARK [2][-]{subsection.15.1.4}{\376\377\000M\000o\000d\000u\000l\000e\000\040\000D\000e\000c\000l\000a\000r\000a\000t\000i\000o\000n\000s}{section.15.1}% 283
\BOOKMARK [1][-]{section.15.2}{\376\377\000M\000o\000d\000u\000l\000e\000\040\000T\000y\000p\000e\000s}{chapter.15}% 284
\BOOKMARK [2][-]{subsection.15.2.1}{\376\377\000S\000i\000g\000n\000a\000t\000u\000r\000e\000\040\000D\000e\000c\000l\000a\000r\000a\000t\000i\000o\000n\000s}{section.15.2}% 285
\BOOKMARK [2][-]{subsection.15.2.2}{\376\377\000A\000b\000s\000t\000r\000a\000c\000t\000\040\000v\000s\000\040\000T\000r\000a\000n\000s\000p\000a\000r\000e\000n\000t\000\040\000T\000y\000p\000e\000\040\000C\000o\000m\000p\000o\000n\000e\000n\000t\000s}{section.15.2}% 286
\BOOKMARK [2][-]{subsection.15.2.3}{\376\377\000V\000a\000l\000u\000e\000\040\000a\000n\000d\000\040\000E\000f\000f\000e\000c\000t\000\040\000S\000p\000e\000c\000i\000f\000i\000c\000a\000t\000i\000o\000n\000s}{section.15.2}% 287
\BOOKMARK [2][-]{subsection.15.2.4}{\376\377\000S\000i\000g\000n\000a\000t\000u\000r\000e\000\040\000M\000a\000t\000c\000h\000i\000n\000g\000\040\000a\000n\000d\000\040\000S\000u\000b\000t\000y\000p\000i\000n\000g}{section.15.2}% 288
\BOOKMARK [1][-]{section.15.3}{\376\377\000F\000u\000n\000c\000t\000o\000r\000\040\000M\000o\000d\000u\000l\000e\000s}{chapter.15}% 289
\BOOKMARK [2][-]{subsection.15.3.1}{\376\377\000F\000u\000n\000c\000t\000o\000r\000\040\000S\000y\000n\000t\000a\000x}{section.15.3}% 290
\BOOKMARK [2][-]{subsection.15.3.2}{\376\377\000F\000u\000n\000c\000t\000o\000r\000\040\000A\000p\000p\000l\000i\000c\000a\000t\000i\000o\000n}{section.15.3}% 291
\BOOKMARK [2][-]{subsection.15.3.3}{\376\377\000H\000i\000g\000h\000e\000r\000-\000O\000r\000d\000e\000r\000\040\000F\000u\000n\000c\000t\000o\000r\000s}{section.15.3}% 292
\BOOKMARK [2][-]{subsection.15.3.4}{\376\377\000A\000p\000p\000l\000i\000c\000a\000t\000i\000v\000e\000\040\000v\000s\000\040\000G\000e\000n\000e\000r\000a\000t\000i\000v\000e\000\040\000F\000u\000n\000c\000t\000o\000r\000s}{section.15.3}% 293
\BOOKMARK [1][-]{section.15.4}{\376\377\000S\000e\000p\000a\000r\000a\000t\000e\000\040\000C\000o\000m\000p\000i\000l\000a\000t\000i\000o\000n}{chapter.15}% 294
\BOOKMARK [2][-]{subsection.15.4.1}{\376\377\000F\000i\000l\000e\000\040\000O\000r\000g\000a\000n\000i\000z\000a\000t\000i\000o\000n}{section.15.4}% 295
\BOOKMARK [2][-]{subsection.15.4.2}{\376\377\000I\000n\000t\000e\000r\000f\000a\000c\000e\000\040\000F\000i\000l\000e\000s}{section.15.4}% 296
\BOOKMARK [2][-]{subsection.15.4.3}{\376\377\000I\000m\000p\000l\000e\000m\000e\000n\000t\000a\000t\000i\000o\000n\000\040\000F\000i\000l\000e\000s}{section.15.4}% 297
\BOOKMARK [2][-]{subsection.15.4.4}{\376\377\000C\000o\000m\000p\000i\000l\000a\000t\000i\000o\000n\000\040\000P\000i\000p\000e\000l\000i\000n\000e}{section.15.4}% 298
\BOOKMARK [2][-]{subsection.15.4.5}{\376\377\000L\000i\000n\000k\000i\000n\000g\000\040\000a\000n\000d\000\040\000D\000e\000p\000e\000n\000d\000e\000n\000c\000y\000\040\000R\000e\000s\000o\000l\000u\000t\000i\000o\000n}{section.15.4}% 299
\BOOKMARK [1][-]{section.15.5}{\376\377\000S\000t\000a\000n\000d\000a\000r\000d\000\040\000L\000i\000b\000r\000a\000r\000y}{chapter.15}% 300
\BOOKMARK [2][-]{subsection.15.5.1}{\376\377\000L\000i\000b\000r\000a\000r\000y\000\040\000O\000v\000e\000r\000v\000i\000e\000w}{section.15.5}% 301
\BOOKMARK [2][-]{subsection.15.5.2}{\376\377\000T\000K\000S\000.\000C\000o\000r\000e}{section.15.5}% 302
\BOOKMARK [2][-]{subsection.15.5.3}{\376\377\000T\000K\000S\000.\000N\000o\000e\000t\000i\000c\000s}{section.15.5}% 303
\BOOKMARK [2][-]{subsection.15.5.4}{\376\377\000T\000K\000S\000.\000R\000P\000M}{section.15.5}% 304
\BOOKMARK [2][-]{subsection.15.5.5}{\376\377\000T\000K\000S\000.\000F\000r\000a\000c\000t\000a\000l\000s}{section.15.5}% 305
\BOOKMARK [2][-]{subsection.15.5.6}{\376\377\000T\000K\000S\000.\000Q\000u\000a\000n\000t\000u\000m}{section.15.5}% 306
\BOOKMARK [2][-]{subsection.15.5.7}{\376\377\000M\000o\000d\000u\000l\000e\000\040\000S\000o\000u\000n\000d\000n\000e\000s\000s}{section.15.5}% 307
\BOOKMARK [0][-]{chapter.16}{\376\377\000F\000o\000r\000e\000i\000g\000n\000\040\000F\000u\000n\000c\000t\000i\000o\000n\000\040\000I\000n\000t\000e\000r\000f\000a\000c\000e}{part.3}% 308
\BOOKMARK [1][-]{section.16.1}{\376\377\000F\000F\000I\000\040\000D\000e\000c\000l\000a\000r\000a\000t\000i\000o\000n\000s}{chapter.16}% 309
\BOOKMARK [2][-]{subsection.16.1.1}{\376\377\000E\000x\000t\000e\000r\000n\000a\000l\000\040\000F\000u\000n\000c\000t\000i\000o\000n\000\040\000D\000e\000c\000l\000a\000r\000a\000t\000i\000o\000n\000s}{section.16.1}% 310
\BOOKMARK [2][-]{subsection.16.1.2}{\376\377\000L\000i\000b\000r\000a\000r\000y\000\040\000L\000i\000n\000k\000i\000n\000g}{section.16.1}% 311
\BOOKMARK [2][-]{subsection.16.1.3}{\376\377\000V\000a\000r\000i\000a\000d\000i\000c\000\040\000F\000u\000n\000c\000t\000i\000o\000n\000s}{section.16.1}% 312
\BOOKMARK [1][-]{section.16.2}{\376\377\000T\000y\000p\000e\000\040\000M\000a\000r\000s\000h\000a\000l\000l\000i\000n\000g}{chapter.16}% 313
\BOOKMARK [2][-]{subsection.16.2.1}{\376\377\000F\000o\000r\000e\000i\000g\000n\000\040\000T\000y\000p\000e\000\040\000S\000y\000s\000t\000e\000m}{section.16.2}% 314
\BOOKMARK [2][-]{subsection.16.2.2}{\376\377\000A\000u\000t\000o\000m\000a\000t\000i\000c\000\040\000M\000a\000r\000s\000h\000a\000l\000l\000i\000n\000g}{section.16.2}% 315
\BOOKMARK [2][-]{subsection.16.2.3}{\376\377\000C\000u\000s\000t\000o\000m\000\040\000M\000a\000r\000s\000h\000a\000l\000l\000e\000r\000s}{section.16.2}% 316
\BOOKMARK [2][-]{subsection.16.2.4}{\376\377\000T\000K\000S\000\040\000D\000o\000m\000a\000i\000n\000\040\000T\000y\000p\000e\000\040\000M\000a\000r\000s\000h\000a\000l\000l\000i\000n\000g}{section.16.2}% 317
\BOOKMARK [1][-]{section.16.3}{\376\377\000S\000a\000f\000e\000t\000y\000\040\000a\000n\000d\000\040\000E\000f\000f\000e\000c\000t\000s}{chapter.16}% 318
\BOOKMARK [2][-]{subsection.16.3.1}{\376\377\000S\000a\000f\000e\000\040\000v\000s\000\040\000U\000n\000s\000a\000f\000e\000\040\000F\000F\000I}{section.16.3}% 319
\BOOKMARK [2][-]{subsection.16.3.2}{\376\377\000F\000F\000I\000\040\000E\000f\000f\000e\000c\000t\000s}{section.16.3}% 320
\BOOKMARK [2][-]{subsection.16.3.3}{\376\377\000M\000e\000m\000o\000r\000y\000\040\000S\000a\000f\000e\000t\000y}{section.16.3}% 321
\BOOKMARK [1][-]{section.16.4}{\376\377\000C\000a\000l\000l\000b\000a\000c\000k\000s}{chapter.16}% 322
\BOOKMARK [2][-]{subsection.16.4.1}{\376\377\000F\000u\000n\000c\000t\000i\000o\000n\000\040\000P\000o\000i\000n\000t\000e\000r\000\040\000C\000r\000e\000a\000t\000i\000o\000n}{section.16.4}% 323
\BOOKMARK [2][-]{subsection.16.4.2}{\376\377\000C\000a\000l\000l\000b\000a\000c\000k\000\040\000L\000i\000f\000e\000t\000i\000m\000e}{section.16.4}% 324
\BOOKMARK [1][-]{section.16.5}{\376\377\000P\000l\000a\000t\000f\000o\000r\000m\000\040\000B\000i\000n\000d\000i\000n\000g\000s}{chapter.16}% 325
\BOOKMARK [2][-]{subsection.16.5.1}{\376\377\000F\000i\000l\000e\000\040\000S\000y\000s\000t\000e\000m}{section.16.5}% 326
\BOOKMARK [2][-]{subsection.16.5.2}{\376\377\000N\000e\000t\000w\000o\000r\000k\000i\000n\000g}{section.16.5}% 327
\BOOKMARK [2][-]{subsection.16.5.3}{\376\377\000P\000r\000o\000c\000e\000s\000s\000\040\000M\000a\000n\000a\000g\000e\000m\000e\000n\000t}{section.16.5}% 328
\BOOKMARK [2][-]{subsection.16.5.4}{\376\377\000C\000o\000n\000c\000u\000r\000r\000e\000n\000c\000y\000\040\000P\000r\000i\000m\000i\000t\000i\000v\000e\000s}{section.16.5}% 329
\BOOKMARK [2][-]{subsection.16.5.5}{\376\377\000E\000x\000t\000e\000r\000n\000a\000l\000\040\000L\000i\000b\000r\000a\000r\000y\000\040\000I\000n\000t\000e\000g\000r\000a\000t\000i\000o\000n}{section.16.5}% 330
\BOOKMARK [1][-]{section.16.6}{\376\377\000C\000h\000a\000p\000t\000e\000r\000\040\0007\000\040\000S\000u\000m\000m\000a\000r\000y\000\040\000a\000n\000d\000\040\000v\0007\000.\0003\000\040\000C\000o\000m\000p\000i\000l\000e\000r\000\040\000T\000r\000a\000c\000k\000\040\000H\000a\000n\000d\000o\000f\000f}{chapter.16}% 331
\BOOKMARK [2][-]{subsection.16.6.1}{\376\377\000C\000o\000m\000p\000l\000e\000t\000e\000\040\000v\0007\000.\0003\000\040\000C\000o\000m\000p\000i\000l\000e\000r\000\040\000T\000r\000a\000c\000k\000\040\000S\000u\000m\000m\000a\000r\000y}{section.16.6}% 332
\BOOKMARK [2][-]{subsection.16.6.2}{\376\377\000K\000e\000y\000\040\000C\000o\000m\000p\000o\000n\000e\000n\000t\000s\000\040\000C\000h\000e\000c\000k\000l\000i\000s\000t}{section.16.6}% 333
\BOOKMARK [2][-]{subsection.16.6.3}{\376\377\000I\000m\000p\000l\000e\000m\000e\000n\000t\000a\000t\000i\000o\000n\000\040\000P\000r\000i\000o\000r\000i\000t\000i\000e\000s}{section.16.6}% 334
\BOOKMARK [2][-]{subsection.16.6.4}{\376\377\000D\000e\000t\000a\000i\000l\000e\000d\000\040\000H\000a\000n\000d\000o\000f\000f\000\040\000N\000o\000t\000e\000s}{section.16.6}% 335
\BOOKMARK [-1][-]{part.4}{\376\377\000I\000V\000\040\000Q\000u\000a\000n\000t\000u\000m\000\040\000N\000o\000e\000t\000i\000c\000s}{}% 336
\BOOKMARK [0][-]{chapter.17}{\376\377\000H\000i\000l\000b\000e\000r\000t\000\040\000S\000p\000a\000c\000e\000\040\000S\000e\000m\000a\000n\000t\000i\000c\000s\000\040\000f\000o\000r\000\040\000I\000d\000e\000a\000s}{part.4}% 337
\BOOKMARK [1][-]{section.17.1}{\376\377\000T\000h\000e\000\040\000B\000a\000s\000e\000\040\000H\000i\000l\000b\000e\000r\000t\000\040\000S\000p\000a\000c\000e\000\040\000o\000f\000\040\000I\000d\000e\000a\000s}{chapter.17}% 338
\BOOKMARK [1][-]{section.17.2}{\376\377\000E\000m\000b\000e\000d\000d\000i\000n\000g\000\040\000o\000f\000\040\000C\000l\000a\000s\000s\000i\000c\000a\000l\000\040\000I\000d\000e\000a\000\040\000S\000t\000a\000t\000e\000s}{chapter.17}% 339
\BOOKMARK [1][-]{section.17.3}{\376\377\000I\000n\000n\000e\000r\000\040\000P\000r\000o\000d\000u\000c\000t\000\040\000a\000s\000\040\000S\000i\000m\000i\000l\000a\000r\000i\000t\000y\000\040\000a\000n\000d\000\040\000I\000n\000t\000e\000r\000f\000e\000r\000e\000n\000c\000e}{chapter.17}% 340
\BOOKMARK [1][-]{section.17.4}{\376\377\000N\000o\000e\000t\000i\000c\000\040\000O\000p\000e\000r\000a\000t\000o\000r\000s\000\040\000o\000n\000\040\000t\000h\000e\000\040\000I\000d\000e\000a\000\040\000H\000i\000l\000b\000e\000r\000t\000\040\000S\000p\000a\000c\000e}{chapter.17}% 341
\BOOKMARK [0][-]{chapter.18}{\376\377\000Q\000u\000a\000n\000t\000u\000m\000\040\000N\000o\000e\000t\000i\000c\000\040\000O\000p\000e\000r\000a\000t\000o\000r\000s}{part.4}% 342
\BOOKMARK [1][-]{section.18.1}{\376\377\000R\000e\000v\000i\000e\000w\000:\000\040\000N\000o\000e\000t\000i\000c\000\040\000H\000i\000l\000b\000e\000r\000t\000\040\000S\000p\000a\000c\000e\000s\000\040\000f\000r\000o\000m\000\040\000v\0007\000.\0002}{chapter.18}% 343
\BOOKMARK [1][-]{section.18.2}{\376\377\000T\000h\000e\000\040\000C\000*\000-\000A\000l\000g\000e\000b\000r\000a\000\040\000o\000f\000\040\000N\000o\000e\000t\000i\000c\000\040\000O\000p\000e\000r\000a\000t\000o\000r\000s}{chapter.18}% 344
\BOOKMARK [1][-]{section.18.3}{\376\377\000N\000o\000e\000t\000i\000c\000\040\000C\000o\000m\000m\000u\000t\000a\000t\000o\000r\000s\000\040\000a\000n\000d\000\040\000N\000o\000n\000-\000C\000o\000m\000m\000u\000t\000a\000t\000i\000v\000i\000t\000y}{chapter.18}% 345
\BOOKMARK [1][-]{section.18.4}{\376\377\000U\000n\000i\000t\000a\000r\000i\000t\000y\000\040\000a\000n\000d\000\040\000H\000e\000r\000m\000i\000t\000i\000c\000i\000t\000y}{chapter.18}% 346
\BOOKMARK [1][-]{section.18.5}{\376\377\000S\000p\000e\000c\000t\000r\000a\000l\000\040\000T\000h\000e\000o\000r\000y\000\040\000o\000f\000\040\000N\000o\000e\000t\000i\000c\000\040\000O\000p\000e\000r\000a\000t\000o\000r\000s}{chapter.18}% 347
\BOOKMARK [0][-]{chapter.19}{\376\377\000S\000p\000e\000c\000t\000r\000a\000l\000\040\000T\000h\000e\000o\000r\000y\000\040\000o\000f\000\040\000N\000o\000e\000t\000i\000c\000s}{part.4}% 348
\BOOKMARK [1][-]{section.19.1}{\376\377\000S\000p\000e\000c\000t\000r\000u\000m\000\040\000o\000f\000\040\000E\000a\000c\000h\000\040\000N\000o\000e\000t\000i\000c}{chapter.19}% 349
\BOOKMARK [1][-]{section.19.2}{\376\377\000S\000p\000e\000c\000t\000r\000a\000l\000\040\000D\000e\000c\000o\000m\000p\000o\000s\000i\000t\000i\000o\000n}{chapter.19}% 350
\BOOKMARK [1][-]{section.19.3}{\376\377\000F\000u\000n\000c\000t\000i\000o\000n\000a\000l\000\040\000C\000a\000l\000c\000u\000l\000u\000s}{chapter.19}% 351
\BOOKMARK [1][-]{section.19.4}{\376\377\000J\000o\000i\000n\000t\000\040\000S\000p\000e\000c\000t\000r\000a}{chapter.19}% 352
\BOOKMARK [1][-]{section.19.5}{\376\377\000S\000p\000e\000c\000t\000r\000a\000l\000\040\000G\000a\000p\000s}{chapter.19}% 353
\BOOKMARK [0][-]{chapter.20}{\376\377\000D\000e\000n\000s\000i\000t\000y\000\040\000M\000a\000t\000r\000i\000x\000\040\000F\000o\000r\000m\000a\000l\000i\000s\000m}{part.4}% 354
\BOOKMARK [1][-]{section.20.1}{\376\377\000P\000u\000r\000e\000\040\000v\000s\000\040\000M\000i\000x\000e\000d\000\040\000N\000o\000e\000t\000i\000c\000\040\000S\000t\000a\000t\000e\000s}{chapter.20}% 355
\BOOKMARK [1][-]{section.20.2}{\376\377\000D\000e\000n\000s\000i\000t\000y\000\040\000M\000a\000t\000r\000i\000x\000\040\000P\000r\000o\000p\000e\000r\000t\000i\000e\000s}{chapter.20}% 356
\BOOKMARK [1][-]{section.20.3}{\376\377\000T\000i\000m\000e\000\040\000E\000v\000o\000l\000u\000t\000i\000o\000n\000\040\000o\000f\000\040\000D\000e\000n\000s\000i\000t\000y\000\040\000M\000a\000t\000r\000i\000c\000e\000s}{chapter.20}% 357
\BOOKMARK [1][-]{section.20.4}{\376\377\000N\000o\000e\000t\000i\000c\000\040\000M\000i\000x\000t\000u\000r\000e\000s}{chapter.20}% 358
\BOOKMARK [1][-]{section.20.5}{\376\377\000P\000a\000r\000t\000i\000a\000l\000\040\000T\000r\000a\000c\000e\000\040\000a\000n\000d\000\040\000R\000e\000d\000u\000c\000e\000d\000\040\000S\000t\000a\000t\000e\000s}{chapter.20}% 359
\BOOKMARK [0][-]{chapter.21}{\376\377\000Q\000u\000a\000n\000t\000u\000m\000\040\000C\000h\000a\000n\000n\000e\000l\000s\000\040\000a\000n\000d\000\040\000N\000o\000e\000t\000i\000c\000\040\000D\000y\000n\000a\000m\000i\000c\000s}{part.4}% 360
\BOOKMARK [1][-]{section.21.1}{\376\377\000C\000o\000m\000p\000l\000e\000t\000e\000l\000y\000\040\000P\000o\000s\000i\000t\000i\000v\000e\000\040\000M\000a\000p\000s}{chapter.21}% 361
\BOOKMARK [2][-]{subsection.21.1.1}{\376\377\000P\000o\000s\000i\000t\000i\000v\000e\000\040\000a\000n\000d\000\040\000C\000o\000m\000p\000l\000e\000t\000e\000l\000y\000\040\000P\000o\000s\000i\000t\000i\000v\000e\000\040\000M\000a\000p\000s}{section.21.1}% 362
\BOOKMARK [2][-]{subsection.21.1.2}{\376\377\000C\000h\000o\000i\000-\000J\000a\000m\000i\000o\001\102\000k\000o\000w\000s\000k\000i\000\040\000I\000s\000o\000m\000o\000r\000p\000h\000i\000s\000m}{section.21.1}% 363
\BOOKMARK [1][-]{section.21.2}{\376\377\000K\000r\000a\000u\000s\000\040\000R\000e\000p\000r\000e\000s\000e\000n\000t\000a\000t\000i\000o\000n}{chapter.21}% 364
\BOOKMARK [1][-]{section.21.3}{\376\377\000N\000o\000e\000t\000i\000c\000\040\000C\000h\000a\000n\000n\000e\000l\000s}{chapter.21}% 365
\BOOKMARK [2][-]{subsection.21.3.1}{\376\377\000D\000e\000p\000o\000l\000a\000r\000i\000z\000i\000n\000g\000\040\000C\000h\000a\000n\000n\000e\000l}{section.21.3}% 366
\BOOKMARK [2][-]{subsection.21.3.2}{\376\377\000D\000e\000p\000h\000a\000s\000i\000n\000g\000\040\000C\000h\000a\000n\000n\000e\000l}{section.21.3}% 367
\BOOKMARK [2][-]{subsection.21.3.3}{\376\377\000W\000o\000r\000l\000d\000\040\000D\000e\000p\000h\000a\000s\000i\000n\000g}{section.21.3}% 368
\BOOKMARK [2][-]{subsection.21.3.4}{\376\377\000A\000m\000p\000l\000i\000t\000u\000d\000e\000\040\000D\000a\000m\000p\000i\000n\000g}{section.21.3}% 369
\BOOKMARK [2][-]{subsection.21.3.5}{\376\377\000F\000i\000x\000e\000d\000\040\000P\000o\000i\000n\000t\000s\000\040\000a\000n\000d\000\040\000A\000t\000t\000r\000a\000c\000t\000o\000r\000s}{section.21.3}% 370
\BOOKMARK [1][-]{section.21.4}{\376\377\000C\000h\000a\000n\000n\000e\000l\000\040\000C\000o\000m\000p\000o\000s\000i\000t\000i\000o\000n}{chapter.21}% 371
\BOOKMARK [1][-]{section.21.5}{\376\377\000L\000i\000n\000d\000b\000l\000a\000d\000\040\000M\000a\000s\000t\000e\000r\000\040\000E\000q\000u\000a\000t\000i\000o\000n}{chapter.21}% 372
\BOOKMARK [2][-]{subsection.21.5.1}{\376\377\000Q\000u\000a\000n\000t\000u\000m\000\040\000D\000y\000n\000a\000m\000i\000c\000a\000l\000\040\000S\000e\000m\000i\000g\000r\000o\000u\000p\000s}{section.21.5}% 373
\BOOKMARK [2][-]{subsection.21.5.2}{\376\377\000L\000i\000n\000d\000b\000l\000a\000d\000\040\000F\000o\000r\000m}{section.21.5}% 374
\BOOKMARK [2][-]{subsection.21.5.3}{\376\377\000N\000o\000e\000t\000i\000c\000\040\000J\000u\000m\000p\000\040\000O\000p\000e\000r\000a\000t\000o\000r\000s}{section.21.5}% 375
\BOOKMARK [2][-]{subsection.21.5.4}{\376\377\000S\000t\000e\000a\000d\000y\000\040\000S\000t\000a\000t\000e\000s\000\040\000o\000f\000\040\000L\000i\000n\000d\000b\000l\000a\000d\000\040\000D\000y\000n\000a\000m\000i\000c\000s}{section.21.5}% 376
\BOOKMARK [0][-]{chapter.22}{\376\377\000N\000o\000e\000t\000i\000c\000\040\000E\000n\000t\000a\000n\000g\000l\000e\000m\000e\000n\000t}{part.4}% 377
\BOOKMARK [1][-]{section.22.1}{\376\377\000B\000i\000p\000a\000r\000t\000i\000t\000e\000\040\000N\000o\000e\000t\000i\000c\000\040\000S\000t\000a\000t\000e\000s}{chapter.22}% 378
\BOOKMARK [2][-]{subsection.22.1.1}{\376\377\000T\000e\000n\000s\000o\000r\000\040\000P\000r\000o\000d\000u\000c\000t\000\040\000o\000f\000\040\000I\000d\000e\000a\000\040\000S\000p\000a\000c\000e\000s}{section.22.1}% 379
\BOOKMARK [2][-]{subsection.22.1.2}{\376\377\000S\000c\000h\000m\000i\000d\000t\000\040\000D\000e\000c\000o\000m\000p\000o\000s\000i\000t\000i\000o\000n}{section.22.1}% 380
\BOOKMARK [2][-]{subsection.22.1.3}{\376\377\000S\000e\000p\000a\000r\000a\000b\000l\000e\000\040\000a\000n\000d\000\040\000E\000n\000t\000a\000n\000g\000l\000e\000d\000\040\000M\000i\000x\000e\000d\000\040\000S\000t\000a\000t\000e\000s}{section.22.1}% 381
\BOOKMARK [1][-]{section.22.2}{\376\377\000E\000n\000t\000a\000n\000g\000l\000e\000m\000e\000n\000t\000\040\000M\000e\000a\000s\000u\000r\000e\000s}{chapter.22}% 382
\BOOKMARK [2][-]{subsection.22.2.1}{\376\377\000E\000n\000t\000a\000n\000g\000l\000e\000m\000e\000n\000t\000\040\000E\000n\000t\000r\000o\000p\000y}{section.22.2}% 383
\BOOKMARK [2][-]{subsection.22.2.2}{\376\377\000E\000n\000t\000a\000n\000g\000l\000e\000m\000e\000n\000t\000\040\000o\000f\000\040\000F\000o\000r\000m\000a\000t\000i\000o\000n}{section.22.2}% 384
\BOOKMARK [2][-]{subsection.22.2.3}{\376\377\000N\000e\000g\000a\000t\000i\000v\000i\000t\000y\000\040\000a\000n\000d\000\040\000P\000P\000T\000\040\000C\000r\000i\000t\000e\000r\000i\000o\000n}{section.22.2}% 385
\BOOKMARK [2][-]{subsection.22.2.4}{\376\377\000C\000o\000n\000c\000u\000r\000r\000e\000n\000c\000e}{section.22.2}% 386
\BOOKMARK [1][-]{section.22.3}{\376\377\000N\000o\000e\000t\000i\000c\000\040\000B\000e\000l\000l\000\040\000S\000t\000a\000t\000e\000s\000\040\000a\000n\000d\000\040\000M\000a\000x\000i\000m\000a\000l\000\040\000E\000n\000t\000a\000n\000g\000l\000e\000m\000e\000n\000t}{chapter.22}% 387
\BOOKMARK [2][-]{subsection.22.3.1}{\376\377\000B\000e\000l\000l\000\040\000B\000a\000s\000i\000s\000\040\000f\000o\000r\000\040\000T\000K\000S}{section.22.3}% 388
\BOOKMARK [2][-]{subsection.22.3.2}{\376\377\000W\000o\000r\000l\000d\000-\000R\000e\000s\000t\000r\000i\000c\000t\000e\000d\000\040\000B\000e\000l\000l\000\040\000S\000t\000a\000t\000e\000s}{section.22.3}% 389
\BOOKMARK [2][-]{subsection.22.3.3}{\376\377\000B\000e\000l\000l\000\040\000I\000n\000e\000q\000u\000a\000l\000i\000t\000i\000e\000s\000\040\000i\000n\000\040\000T\000K\000S}{section.22.3}% 390
\BOOKMARK [1][-]{section.22.4}{\376\377\000W\000o\000r\000l\000d\000-\000W\000o\000r\000l\000d\000\040\000E\000n\000t\000a\000n\000g\000l\000e\000m\000e\000n\000t}{chapter.22}% 391
\BOOKMARK [2][-]{subsection.22.4.1}{\376\377\000I\000n\000t\000e\000r\000-\000W\000o\000r\000l\000d\000\040\000E\000n\000t\000a\000n\000g\000l\000e\000m\000e\000n\000t\000\040\000S\000t\000r\000u\000c\000t\000u\000r\000e}{section.22.4}% 392
\BOOKMARK [2][-]{subsection.22.4.2}{\376\377\000A\000C\000B\000E\000\040\000a\000n\000d\000\040\000E\000n\000t\000a\000n\000g\000l\000e\000m\000e\000n\000t\000\040\000D\000y\000n\000a\000m\000i\000c\000s}{section.22.4}% 393
\BOOKMARK [2][-]{subsection.22.4.3}{\376\377\000M\000o\000n\000o\000g\000a\000m\000y\000\040\000o\000f\000\040\000E\000n\000t\000a\000n\000g\000l\000e\000m\000e\000n\000t}{section.22.4}% 394
\BOOKMARK [1][-]{section.22.5}{\376\377\000M\000u\000l\000t\000i\000p\000a\000r\000t\000i\000t\000e\000\040\000E\000n\000t\000a\000n\000g\000l\000e\000m\000e\000n\000t}{chapter.22}% 395
\BOOKMARK [2][-]{subsection.22.5.1}{\376\377\000T\000r\000i\000p\000a\000r\000t\000i\000t\000e\000\040\000H\000i\000l\000b\000e\000r\000t\000\040\000S\000p\000a\000c\000e}{section.22.5}% 396
\BOOKMARK [2][-]{subsection.22.5.2}{\376\377\000G\000H\000Z\000\040\000a\000n\000d\000\040\000W\000\040\000S\000t\000a\000t\000e\000s}{section.22.5}% 397
\BOOKMARK [2][-]{subsection.22.5.3}{\376\377\000N\000o\000e\000t\000i\000c\000\040\000G\000r\000a\000p\000h\000\040\000S\000t\000a\000t\000e\000s}{section.22.5}% 398
\BOOKMARK [0][-]{chapter.23}{\376\377\000Q\000u\000a\000n\000t\000u\000m\000\040\000M\000e\000a\000s\000u\000r\000e\000m\000e\000n\000t\000\040\000i\000n\000\040\000T\000K\000S}{part.4}% 399
\BOOKMARK [1][-]{section.23.1}{\376\377\000P\000r\000o\000j\000e\000c\000t\000i\000v\000e\000\040\000M\000e\000a\000s\000u\000r\000e\000m\000e\000n\000t\000s}{chapter.23}% 400
\BOOKMARK [2][-]{subsection.23.1.1}{\376\377\000P\000r\000o\000j\000e\000c\000t\000i\000o\000n\000-\000V\000a\000l\000u\000e\000d\000\040\000M\000e\000a\000s\000u\000r\000e\000s}{section.23.1}% 401
\BOOKMARK [2][-]{subsection.23.1.2}{\376\377\000M\000e\000a\000s\000u\000r\000e\000m\000e\000n\000t\000\040\000i\000n\000\040\000t\000h\000e\000\040\000I\000d\000e\000a\000\040\000B\000a\000s\000i\000s}{section.23.1}% 402
\BOOKMARK [2][-]{subsection.23.1.3}{\376\377\000P\000o\000s\000t\000-\000M\000e\000a\000s\000u\000r\000e\000m\000e\000n\000t\000\040\000S\000t\000a\000t\000e\000\040\000C\000o\000l\000l\000a\000p\000s\000e}{section.23.1}% 403
\BOOKMARK [2][-]{subsection.23.1.4}{\376\377\000M\000e\000a\000s\000u\000r\000e\000m\000e\000n\000t\000\040\000o\000n\000\040\000B\000i\000p\000a\000r\000t\000i\000t\000e\000\040\000S\000t\000a\000t\000e\000s}{section.23.1}% 404
\BOOKMARK [1][-]{section.23.2}{\376\377\000P\000O\000V\000M\000\040\000M\000e\000a\000s\000u\000r\000e\000m\000e\000n\000t\000s}{chapter.23}% 405
\BOOKMARK [2][-]{subsection.23.2.1}{\376\377\000P\000O\000V\000M\000\040\000D\000e\000f\000i\000n\000i\000t\000i\000o\000n\000\040\000a\000n\000d\000\040\000P\000r\000o\000p\000e\000r\000t\000i\000e\000s}{section.23.2}% 406
\BOOKMARK [2][-]{subsection.23.2.2}{\376\377\000P\000O\000V\000M\000\040\000f\000r\000o\000m\000\040\000K\000r\000a\000u\000s\000\040\000O\000p\000e\000r\000a\000t\000o\000r\000s}{section.23.2}% 407
\BOOKMARK [2][-]{subsection.23.2.3}{\376\377\000I\000m\000p\000o\000r\000t\000a\000n\000t\000\040\000P\000O\000V\000M\000s\000\040\000f\000o\000r\000\040\000T\000K\000S}{section.23.2}% 408
\BOOKMARK [2][-]{subsection.23.2.4}{\376\377\000N\000e\000u\000m\000a\000r\000k\000'\000s\000\040\000D\000i\000l\000a\000t\000i\000o\000n\000\040\000T\000h\000e\000o\000r\000e\000m}{section.23.2}% 409
\BOOKMARK [1][-]{section.23.3}{\376\377\000N\000o\000e\000t\000i\000c\000\040\000O\000b\000s\000e\000r\000v\000a\000b\000l\000e\000s}{chapter.23}% 410
\BOOKMARK [2][-]{subsection.23.3.1}{\376\377\000G\000e\000n\000e\000r\000a\000l\000\040\000O\000b\000s\000e\000r\000v\000a\000b\000l\000e\000\040\000T\000h\000e\000o\000r\000y}{section.23.3}% 411
\BOOKMARK [2][-]{subsection.23.3.2}{\376\377\000W\000o\000r\000l\000d\000\040\000O\000b\000s\000e\000r\000v\000a\000b\000l\000e}{section.23.3}% 412
\BOOKMARK [2][-]{subsection.23.3.3}{\376\377\000E\000l\000e\000m\000e\000n\000t\000\040\000O\000b\000s\000e\000r\000v\000a\000b\000l\000e}{section.23.3}% 413
\BOOKMARK [2][-]{subsection.23.3.4}{\376\377\000N\000o\000e\000t\000i\000c\000-\000I\000n\000d\000u\000c\000e\000d\000\040\000O\000b\000s\000e\000r\000v\000a\000b\000l\000e\000s}{section.23.3}% 414
\BOOKMARK [2][-]{subsection.23.3.5}{\376\377\000C\000o\000m\000p\000a\000t\000i\000b\000l\000e\000\040\000a\000n\000d\000\040\000I\000n\000c\000o\000m\000p\000a\000t\000i\000b\000l\000e\000\040\000O\000b\000s\000e\000r\000v\000a\000b\000l\000e\000s}{section.23.3}% 415
\BOOKMARK [1][-]{section.23.4}{\376\377\000M\000e\000a\000s\000u\000r\000e\000m\000e\000n\000t\000\040\000D\000i\000s\000t\000u\000r\000b\000a\000n\000c\000e}{chapter.23}% 416
\BOOKMARK [2][-]{subsection.23.4.1}{\376\377\000S\000t\000a\000t\000e\000\040\000D\000i\000s\000t\000u\000r\000b\000a\000n\000c\000e}{section.23.4}% 417
\BOOKMARK [2][-]{subsection.23.4.2}{\376\377\000M\000e\000a\000s\000u\000r\000e\000m\000e\000n\000t\000\040\000B\000a\000c\000k\000-\000A\000c\000t\000i\000o\000n\000\040\000o\000n\000\040\000E\000n\000t\000a\000n\000g\000l\000e\000d\000\040\000S\000t\000a\000t\000e\000s}{section.23.4}% 418
\BOOKMARK [2][-]{subsection.23.4.3}{\376\377\000Q\000u\000a\000n\000t\000u\000m\000\040\000Z\000e\000n\000o\000\040\000E\000f\000f\000e\000c\000t}{section.23.4}% 419
\BOOKMARK [1][-]{section.23.5}{\376\377\000W\000e\000a\000k\000\040\000M\000e\000a\000s\000u\000r\000e\000m\000e\000n\000t\000s}{chapter.23}% 420
\BOOKMARK [2][-]{subsection.23.5.1}{\376\377\000W\000e\000a\000k\000\040\000M\000e\000a\000s\000u\000r\000e\000m\000e\000n\000t\000\040\000F\000o\000r\000m\000a\000l\000i\000s\000m}{section.23.5}% 421
\BOOKMARK [2][-]{subsection.23.5.2}{\376\377\000W\000e\000a\000k\000\040\000V\000a\000l\000u\000e\000s\000\040\000i\000n\000\040\000T\000K\000S\000\040\000C\000o\000n\000t\000e\000x\000t}{section.23.5}% 422
\BOOKMARK [2][-]{subsection.23.5.3}{\376\377\000W\000e\000a\000k\000\040\000M\000e\000a\000s\000u\000r\000e\000m\000e\000n\000t\000\040\000a\000n\000d\000\040\000C\000l\000a\000s\000s\000i\000c\000a\000l\000\040\000T\000K\000S}{section.23.5}% 423
\BOOKMARK [0][-]{chapter.24}{\376\377\000Q\000u\000a\000n\000t\000u\000m\000\040\000N\000o\000e\000t\000i\000c\000\040\000F\000r\000a\000c\000t\000a\000l\000s}{part.4}% 424
\BOOKMARK [1][-]{section.24.1}{\376\377\000Q\000u\000a\000n\000t\000u\000m\000\040\000F\000r\000a\000c\000t\000a\000l\000\040\000O\000p\000e\000r\000a\000t\000o\000r\000s}{chapter.24}% 425
\BOOKMARK [2][-]{subsection.24.1.1}{\376\377\000F\000i\000n\000i\000t\000e\000\040\000Q\000u\000a\000n\000t\000u\000m\000\040\000F\000r\000a\000c\000t\000a\000l\000s}{section.24.1}% 426
\BOOKMARK [2][-]{subsection.24.1.2}{\376\377\000S\000p\000e\000c\000t\000r\000a\000l\000\040\000P\000r\000o\000p\000e\000r\000t\000i\000e\000s\000\040\000o\000f\000\040\000F\000i\000n\000i\000t\000e\000\040\000Q\000u\000a\000n\000t\000u\000m\000\040\000F\000r\000a\000c\000t\000a\000l\000s}{section.24.1}% 427
\BOOKMARK [2][-]{subsection.24.1.3}{\376\377\000Q\000u\000a\000n\000t\000u\000m\000\040\000F\000r\000a\000c\000t\000a\000l\000\040\000A\000l\000g\000e\000b\000r\000a}{section.24.1}% 428
\BOOKMARK [1][-]{section.24.2}{\376\377\000T\000r\000a\000n\000s\000f\000i\000n\000i\000t\000e\000\040\000Q\000u\000a\000n\000t\000u\000m\000\040\000F\000r\000a\000c\000t\000a\000l\000s}{chapter.24}% 429
\BOOKMARK [2][-]{subsection.24.2.1}{\376\377\000O\000r\000d\000i\000n\000a\000l\000-\000I\000n\000d\000e\000x\000e\000d\000\040\000Q\000u\000a\000n\000t\000u\000m\000\040\000O\000p\000e\000r\000a\000t\000o\000r\000s}{section.24.2}% 430
\BOOKMARK [2][-]{subsection.24.2.2}{\376\377\000T\000r\000a\000n\000s\000f\000i\000n\000i\000t\000e\000\040\000O\000p\000e\000r\000a\000t\000o\000r\000\040\000C\000o\000m\000p\000o\000s\000i\000t\000i\000o\000n}{section.24.2}% 431
\BOOKMARK [1][-]{section.24.3}{\376\377\000Q\000u\000a\000n\000t\000u\000m\000\040\000E\000i\000g\000e\000n\000f\000r\000a\000c\000t\000a\000l\000s}{chapter.24}% 432
\BOOKMARK [2][-]{subsection.24.3.1}{\376\377\000E\000i\000g\000e\000n\000s\000t\000a\000t\000e\000s\000\040\000o\000f\000\040\000F\000i\000n\000i\000t\000e\000\040\000F\000r\000a\000c\000t\000a\000l\000s}{section.24.3}% 433
\BOOKMARK [2][-]{subsection.24.3.2}{\376\377\000N\000o\000n\000-\000C\000l\000a\000s\000s\000i\000c\000a\000l\000\040\000E\000i\000g\000e\000n\000f\000r\000a\000c\000t\000a\000l\000s}{section.24.3}% 434
\BOOKMARK [2][-]{subsection.24.3.3}{\376\377\000S\000p\000e\000c\000t\000r\000a\000l\000\040\000D\000e\000c\000o\000m\000p\000o\000s\000i\000t\000i\000o\000n\000\040\000o\000f\000\040\000Q\000u\000a\000n\000t\000u\000m\000\040\000F\000r\000a\000c\000t\000a\000l\000s}{section.24.3}% 435
\BOOKMARK [1][-]{section.24.4}{\376\377\000Q\000u\000a\000n\000t\000u\000m\000\040\000F\000r\000a\000c\000t\000a\000l\000\040\000A\000t\000t\000r\000a\000c\000t\000o\000r\000s}{chapter.24}% 436
\BOOKMARK [2][-]{subsection.24.4.1}{\376\377\000Q\000u\000a\000n\000t\000u\000m\000\040\000I\000t\000e\000r\000a\000t\000e\000d\000\040\000F\000u\000n\000c\000t\000i\000o\000n\000\040\000S\000y\000s\000t\000e\000m\000s}{section.24.4}% 437
\BOOKMARK [2][-]{subsection.24.4.2}{\376\377\000F\000i\000x\000e\000d\000-\000P\000o\000i\000n\000t\000\040\000D\000e\000n\000s\000i\000t\000y\000\040\000M\000a\000t\000r\000i\000c\000e\000s}{section.24.4}% 438
\BOOKMARK [2][-]{subsection.24.4.3}{\376\377\000S\000t\000r\000u\000c\000t\000u\000r\000e\000\040\000o\000f\000\040\000Q\000u\000a\000n\000t\000u\000m\000\040\000A\000t\000t\000r\000a\000c\000t\000o\000r\000s}{section.24.4}% 439
\BOOKMARK [1][-]{section.24.5}{\376\377\000D\000e\000c\000o\000h\000e\000r\000e\000n\000c\000e\000\040\000a\000n\000d\000\040\000F\000r\000a\000c\000t\000a\000l\000\040\000D\000y\000n\000a\000m\000i\000c\000s}{chapter.24}% 440
\BOOKMARK [2][-]{subsection.24.5.1}{\376\377\000D\000e\000c\000o\000h\000e\000r\000e\000n\000c\000e\000\040\000C\000h\000a\000n\000n\000e\000l\000s}{section.24.5}% 441
\BOOKMARK [2][-]{subsection.24.5.2}{\376\377\000D\000e\000c\000o\000h\000e\000r\000e\000d\000\040\000Q\000u\000a\000n\000t\000u\000m\000\040\000F\000r\000a\000c\000t\000a\000l\000s}{section.24.5}% 442
\BOOKMARK [2][-]{subsection.24.5.3}{\376\377\000E\000n\000v\000i\000r\000o\000n\000m\000e\000n\000t\000-\000I\000n\000d\000u\000c\000e\000d\000\040\000S\000u\000p\000e\000r\000s\000e\000l\000e\000c\000t\000i\000o\000n}{section.24.5}% 443
\BOOKMARK [2][-]{subsection.24.5.4}{\376\377\000D\000e\000c\000o\000h\000e\000r\000e\000n\000c\000e\000\040\000T\000i\000m\000e\000\040\000S\000c\000a\000l\000e\000s}{section.24.5}% 444
\BOOKMARK [1][-]{section.24.6}{\376\377\000Q\000u\000a\000n\000t\000u\000m\000-\000C\000l\000a\000s\000s\000i\000c\000a\000l\000\040\000C\000o\000r\000r\000e\000s\000p\000o\000n\000d\000e\000n\000c\000e}{chapter.24}% 445
\BOOKMARK [2][-]{subsection.24.6.1}{\376\377\000E\000h\000r\000e\000n\000f\000e\000s\000t\000\040\000T\000h\000e\000o\000r\000e\000m\000\040\000f\000o\000r\000\040\000N\000o\000e\000t\000i\000c\000\040\000F\000r\000a\000c\000t\000a\000l\000s}{section.24.6}% 446
\BOOKMARK [2][-]{subsection.24.6.2}{\376\377\000C\000o\000r\000r\000e\000s\000p\000o\000n\000d\000e\000n\000c\000e\000\040\000C\000o\000n\000d\000i\000t\000i\000o\000n\000s}{section.24.6}% 447
\BOOKMARK [2][-]{subsection.24.6.3}{\376\377\000M\000a\000i\000n\000\040\000C\000o\000r\000r\000e\000s\000p\000o\000n\000d\000e\000n\000c\000e\000\040\000T\000h\000e\000o\000r\000e\000m}{section.24.6}% 448
\BOOKMARK [-1][-]{part.5}{\376\377\000V\000\040\000N\000o\000e\000t\000i\000c\000\040\000M\000e\000t\000a\000-\000S\000y\000s\000t\000e\000m\000:\000\040\0002\000-\000C\000a\000t\000e\000g\000o\000r\000i\000e\000s\000\040\000a\000n\000d\000\040\000T\000o\000p\000o\000i}{}% 449
\BOOKMARK [0][-]{chapter.25}{\376\377\0002\000-\000C\000a\000t\000e\000g\000o\000r\000i\000c\000a\000l\000\040\000S\000t\000r\000u\000c\000t\000u\000r\000e\000\040\000o\000f\000\040\000T\000K\000S}{part.5}% 450
\BOOKMARK [1][-]{section.25.1}{\376\377\000R\000e\000v\000i\000e\000w\000:\000\040\000M\000o\000n\000o\000i\000d\000a\000l\000\040\0002\000-\000C\000a\000t\000e\000g\000o\000r\000i\000e\000s\000\040\000f\000r\000o\000m\000\040\000v\0007\000.\0002}{chapter.25}% 451
\BOOKMARK [1][-]{section.25.2}{\376\377\000T\000K\000S\000\040\000a\000s\000\040\000a\000\040\0002\000-\000C\000a\000t\000e\000g\000o\000r\000y\000:\000\040\000O\000v\000e\000r\000v\000i\000e\000w}{chapter.25}% 452
\BOOKMARK [2][-]{subsection.25.2.1}{\376\377\000O\000b\000j\000e\000c\000t\000s\000:\000\040\000S\000e\000m\000a\000n\000t\000i\000c\000\040\000D\000o\000m\000a\000i\000n\000s\000\040\000a\000n\000d\000\040\000W\000o\000r\000l\000d\000s}{section.25.2}% 453
\BOOKMARK [2][-]{subsection.25.2.2}{\376\377\0001\000-\000M\000o\000r\000p\000h\000i\000s\000m\000s\000:\000\040\000N\000o\000e\000t\000i\000c\000\040\000T\000r\000a\000n\000s\000f\000o\000r\000m\000a\000t\000i\000o\000n\000s\000,\000\040\000A\000C\000B\000E\000\040\000M\000a\000p\000s\000,\000\040\000a\000n\000d\000\040\000R\000P\000M\000\040\000F\000l\000o\000w\000s}{section.25.2}% 454
\BOOKMARK [2][-]{subsection.25.2.3}{\376\377\0002\000-\000M\000o\000r\000p\000h\000i\000s\000m\000s\000:\000\040\000N\000a\000t\000u\000r\000a\000l\000\040\000T\000r\000a\000n\000s\000f\000o\000r\000m\000a\000t\000i\000o\000n\000s\000\040\000a\000n\000d\000\040\000F\000r\000a\000c\000t\000a\000l\000\040\000E\000v\000o\000l\000u\000t\000i\000o\000n}{section.25.2}% 455
\BOOKMARK [2][-]{subsection.25.2.4}{\376\377\000D\000i\000a\000g\000r\000a\000m\000m\000a\000t\000i\000c\000\040\000O\000v\000e\000r\000v\000i\000e\000w}{section.25.2}% 456
\BOOKMARK [2][-]{subsection.25.2.5}{\376\377\000U\000n\000i\000f\000i\000c\000a\000t\000i\000o\000n\000\040\000S\000u\000m\000m\000a\000r\000y}{section.25.2}% 457
\BOOKMARK [1][-]{section.25.3}{\376\377\000B\000i\000c\000a\000t\000e\000g\000o\000r\000i\000c\000a\000l\000\040\000C\000o\000h\000e\000r\000e\000n\000c\000e\000\040\000i\000n\000\040\000T\000K\000S}{chapter.25}% 458
\BOOKMARK [2][-]{subsection.25.3.1}{\376\377\000W\000h\000y\000\040\000T\000K\000S\000\040\000i\000s\000\040\000a\000\040\000B\000i\000c\000a\000t\000e\000g\000o\000r\000y}{section.25.3}% 459
\BOOKMARK [2][-]{subsection.25.3.2}{\376\377\000C\000o\000h\000e\000r\000e\000n\000c\000e\000\040\000C\000o\000n\000d\000i\000t\000i\000o\000n\000s}{section.25.3}% 460
\BOOKMARK [2][-]{subsection.25.3.3}{\376\377\000M\000a\000c\000\040\000L\000a\000n\000e\000'\000s\000\040\000C\000o\000h\000e\000r\000e\000n\000c\000e\000\040\000T\000h\000e\000o\000r\000e\000m\000\040\000f\000o\000r\000\040\000T\000K\000S}{section.25.3}% 461
\BOOKMARK [2][-]{subsection.25.3.4}{\376\377\000C\000o\000h\000e\000r\000e\000n\000c\000e\000\040\000E\000x\000a\000m\000p\000l\000e\000:\000\040\000A\000C\000B\000E\000\040\000C\000a\000s\000c\000a\000d\000e\000\040\000C\000o\000m\000p\000o\000s\000i\000t\000i\000o\000n}{section.25.3}% 462
\BOOKMARK [2][-]{subsection.25.3.5}{\376\377\000S\000u\000m\000m\000a\000r\000y\000:\000\040\000B\000i\000c\000a\000t\000e\000g\000o\000r\000i\000c\000a\000l\000\040\000S\000t\000r\000u\000c\000t\000u\000r\000e}{section.25.3}% 463
\BOOKMARK [1][-]{section.25.4}{\376\377\0002\000-\000F\000u\000n\000c\000t\000o\000r\000s\000\040\000B\000e\000t\000w\000e\000e\000n\000\040\000T\000K\000S\000\040\000S\000t\000r\000u\000c\000t\000u\000r\000e\000s}{chapter.25}% 464
\BOOKMARK [1][-]{section.25.5}{\376\377\0002\000-\000N\000a\000t\000u\000r\000a\000l\000\040\000T\000r\000a\000n\000s\000f\000o\000r\000m\000a\000t\000i\000o\000n\000s}{chapter.25}% 465
\BOOKMARK [0][-]{chapter.26}{\376\377\000L\000a\000x\000\040\000a\000n\000d\000\040\000P\000s\000e\000u\000d\000o\000-\000F\000u\000n\000c\000t\000o\000r\000s\000\040\000i\000n\000\040\000T\000K\000S}{part.5}% 466
\BOOKMARK [1][-]{section.26.1}{\376\377\000L\000a\000x\000\040\0002\000-\000F\000u\000n\000c\000t\000o\000r\000s}{chapter.26}% 467
\BOOKMARK [1][-]{section.26.2}{\376\377\000P\000s\000e\000u\000d\000o\000-\000F\000u\000n\000c\000t\000o\000r\000s\000\040\000\050\000H\000o\000m\000o\000m\000o\000r\000p\000h\000i\000s\000m\000s\000\051}{chapter.26}% 468
\BOOKMARK [1][-]{section.26.3}{\376\377\000N\000o\000e\000t\000i\000c\000\040\000P\000s\000e\000u\000d\000o\000-\000F\000u\000n\000c\000t\000o\000r\000s}{chapter.26}% 469
\BOOKMARK [1][-]{section.26.4}{\376\377\000C\000o\000h\000e\000r\000e\000n\000c\000e\000\040\000C\000o\000n\000d\000i\000t\000i\000o\000n\000s\000\040\000f\000o\000r\000\040\000L\000a\000x\000/\000P\000s\000e\000u\000d\000o\000-\000F\000u\000n\000c\000t\000o\000r\000s}{chapter.26}% 470
\BOOKMARK [1][-]{section.26.5}{\376\377\000A\000C\000B\000E\000\040\000a\000s\000\040\000a\000\040\000P\000s\000e\000u\000d\000o\000-\000F\000u\000n\000c\000t\000o\000r}{chapter.26}% 471
\BOOKMARK [2][-]{subsection.26.5.1}{\376\377\000S\000o\000u\000r\000c\000e\000\040\000a\000n\000d\000\040\000T\000a\000r\000g\000e\000t\000\040\0002\000-\000C\000a\000t\000e\000g\000o\000r\000i\000e\000s}{section.26.5}% 472
\BOOKMARK [2][-]{subsection.26.5.2}{\376\377\000T\000h\000e\000\040\000A\000C\000B\000E\000\040\000P\000s\000e\000u\000d\000o\000-\000F\000u\000n\000c\000t\000o\000r\000\040\000S\000t\000r\000u\000c\000t\000u\000r\000e}{section.26.5}% 473
\BOOKMARK [2][-]{subsection.26.5.3}{\376\377\000C\000o\000m\000p\000a\000r\000i\000s\000o\000n\000\040\0002\000-\000C\000e\000l\000l\000s\000\040\000f\000o\000r\000\040\000A\000C\000B\000E}{section.26.5}% 474
\BOOKMARK [1][-]{section.26.6}{\376\377\000R\000P\000M\000\040\000a\000s\000\040\000a\000\040\000L\000a\000x\000\040\0002\000-\000F\000u\000n\000c\000t\000o\000r}{chapter.26}% 475
\BOOKMARK [2][-]{subsection.26.6.1}{\376\377\000T\000h\000e\000\040\000R\000P\000M\000\040\000M\000o\000n\000a\000d\000\040\000i\000n\000\040\0002\000-\000C\000a\000t\000e\000g\000o\000r\000i\000c\000a\000l\000\040\000T\000e\000r\000m\000s}{section.26.6}% 476
\BOOKMARK [2][-]{subsection.26.6.2}{\376\377\000K\000l\000e\000i\000s\000l\000i\000\040\000C\000o\000n\000s\000t\000r\000u\000c\000t\000i\000o\000n\000\040\000i\000n\000\040\0002\000-\000C\000a\000t\000e\000g\000o\000r\000i\000e\000s}{section.26.6}% 477
\BOOKMARK [2][-]{subsection.26.6.3}{\376\377\000C\000o\000m\000p\000a\000r\000i\000s\000o\000n\000:\000\040\000A\000C\000B\000E\000\040\000v\000s\000\040\000R\000P\000M\000\040\000F\000u\000n\000c\000t\000o\000r\000i\000a\000l\000i\000t\000y}{section.26.6}% 478
\BOOKMARK [1][-]{section.26.7}{\376\377\000M\000a\000s\000t\000e\000r\000\040\000C\000o\000h\000e\000r\000e\000n\000c\000e\000\040\000P\000r\000o\000p\000o\000s\000i\000t\000i\000o\000n}{chapter.26}% 479
\BOOKMARK [0][-]{chapter.27}{\376\377\000T\000h\000e\000\040\000N\000o\000e\000t\000i\000c\000\040\000T\000o\000p\000o\000s}{part.5}% 480
\BOOKMARK [1][-]{section.27.1}{\376\377\000T\000o\000p\000o\000s\000\040\000F\000o\000u\000n\000d\000a\000t\000i\000o\000n\000s}{chapter.27}% 481
\BOOKMARK [2][-]{subsection.27.1.1}{\376\377\000E\000l\000e\000m\000e\000n\000t\000a\000r\000y\000\040\000T\000o\000p\000o\000s\000:\000\040\000D\000e\000f\000i\000n\000i\000t\000i\000o\000n}{section.27.1}% 482
\BOOKMARK [2][-]{subsection.27.1.2}{\376\377\000G\000r\000o\000t\000h\000e\000n\000d\000i\000e\000c\000k\000\040\000T\000o\000p\000o\000i\000:\000\040\000S\000h\000e\000a\000v\000e\000s\000\040\000o\000n\000\040\000a\000\040\000S\000i\000t\000e}{section.27.1}% 483
\BOOKMARK [2][-]{subsection.27.1.3}{\376\377\000W\000h\000y\000\040\000T\000K\000S\000\040\000F\000o\000r\000m\000s\000\040\000a\000\040\000T\000o\000p\000o\000s}{section.27.1}% 484
\BOOKMARK [1][-]{section.27.2}{\376\377\000C\000o\000n\000s\000t\000r\000u\000c\000t\000i\000o\000n\000\040\000o\000f\000\040\000t\000h\000e\000\040\000N\000o\000e\000t\000i\000c\000\040\000T\000o\000p\000o\000s}{chapter.27}% 485
\BOOKMARK [2][-]{subsection.27.2.1}{\376\377\000T\000h\000e\000\040\000N\000o\000e\000t\000i\000c\000\040\000S\000i\000t\000e}{section.27.2}% 486
\BOOKMARK [2][-]{subsection.27.2.2}{\376\377\000T\000h\000e\000\040\000N\000o\000e\000t\000i\000c\000\040\000T\000o\000p\000o\000s}{section.27.2}% 487
\BOOKMARK [2][-]{subsection.27.2.3}{\376\377\000O\000b\000j\000e\000c\000t\000s\000\040\000o\000f\000\040\000t\000h\000e\000\040\000N\000o\000e\000t\000i\000c\000\040\000T\000o\000p\000o\000s}{section.27.2}% 488
\BOOKMARK [1][-]{section.27.3}{\376\377\000S\000u\000b\000o\000b\000j\000e\000c\000t\000\040\000C\000l\000a\000s\000s\000i\000f\000i\000e\000r}{chapter.27}% 489
\BOOKMARK [2][-]{subsection.27.3.1}{\376\377\000C\000o\000n\000s\000t\000r\000u\000c\000t\000i\000o\000n\000\040\000o\000f\000\040\000t\000h\000e\000\040\000S\000u\000b\000o\000b\000j\000e\000c\000t\000\040\000C\000l\000a\000s\000s\000i\000f\000i\000e\000r}{section.27.3}% 490
\BOOKMARK [2][-]{subsection.27.3.2}{\376\377\000N\000o\000e\000t\000i\000c\000\040\000T\000r\000u\000t\000h\000\040\000V\000a\000l\000u\000e\000s}{section.27.3}% 491
\BOOKMARK [2][-]{subsection.27.3.3}{\376\377\000C\000h\000a\000r\000a\000c\000t\000e\000r\000i\000s\000t\000i\000c\000\040\000M\000o\000r\000p\000h\000i\000s\000m\000s\000\040\000f\000o\000r\000\040\000N\000o\000e\000t\000i\000c\000\040\000P\000r\000e\000d\000i\000c\000a\000t\000e\000s}{section.27.3}% 492
\BOOKMARK [1][-]{section.27.4}{\376\377\000I\000n\000t\000e\000r\000n\000a\000l\000\040\000L\000o\000g\000i\000c\000\040\000o\000f\000\040\000t\000h\000e\000\040\000N\000o\000e\000t\000i\000c\000\040\000T\000o\000p\000o\000s}{chapter.27}% 493
\BOOKMARK [2][-]{subsection.27.4.1}{\376\377\000I\000n\000t\000u\000i\000t\000i\000o\000n\000i\000s\000t\000i\000c\000\040\000L\000o\000g\000i\000c}{section.27.4}% 494
\BOOKMARK [2][-]{subsection.27.4.2}{\376\377\000I\000n\000t\000e\000r\000p\000r\000e\000t\000a\000t\000i\000o\000n\000\040\000o\000f\000\040\000L\000o\000g\000i\000c\000a\000l\000\040\000C\000o\000n\000n\000e\000c\000t\000i\000v\000e\000s}{section.27.4}% 495
\BOOKMARK [2][-]{subsection.27.4.3}{\376\377\000E\000m\000b\000e\000d\000d\000i\000n\000g\000\040\000C\000l\000a\000s\000s\000i\000c\000a\000l\000\040\000T\000K\000S\000\040\000P\000r\000o\000p\000o\000s\000i\000t\000i\000o\000n\000s}{section.27.4}% 496
\BOOKMARK [1][-]{section.27.5}{\376\377\000G\000e\000o\000m\000e\000t\000r\000i\000c\000\040\000M\000o\000r\000p\000h\000i\000s\000m\000s}{chapter.27}% 497
\BOOKMARK [2][-]{subsection.27.5.1}{\376\377\000D\000e\000f\000i\000n\000i\000t\000i\000o\000n\000\040\000a\000n\000d\000\040\000B\000a\000s\000i\000c\000\040\000P\000r\000o\000p\000e\000r\000t\000i\000e\000s}{section.27.5}% 498
\BOOKMARK [2][-]{subsection.27.5.2}{\376\377\000W\000o\000r\000l\000d\000-\000T\000o\000p\000o\000i\000\040\000a\000n\000d\000\040\000A\000C\000B\000E\000-\000I\000n\000d\000u\000c\000e\000d\000\040\000M\000o\000r\000p\000h\000i\000s\000m\000s}{section.27.5}% 499
\BOOKMARK [2][-]{subsection.27.5.3}{\376\377\000E\000s\000s\000e\000n\000t\000i\000a\000l\000\040\000G\000e\000o\000m\000e\000t\000r\000i\000c\000\040\000M\000o\000r\000p\000h\000i\000s\000m\000s}{section.27.5}% 500
\BOOKMARK [2][-]{subsection.27.5.4}{\376\377\000P\000o\000i\000n\000t\000s\000\040\000o\000f\000\040\000t\000h\000e\000\040\000N\000o\000e\000t\000i\000c\000\040\000T\000o\000p\000o\000s}{section.27.5}% 501
\BOOKMARK [1][-]{section.27.6}{\376\377\000S\000u\000m\000m\000a\000r\000y\000\040\000a\000n\000d\000\040\000C\000o\000n\000n\000e\000c\000t\000i\000o\000n\000s}{chapter.27}% 502
\BOOKMARK [0][-]{chapter.28}{\376\377\000I\000n\000t\000e\000r\000n\000a\000l\000\040\000L\000a\000n\000g\000u\000a\000g\000e\000\040\000o\000f\000\040\000t\000h\000e\000\040\000N\000o\000e\000t\000i\000c\000\040\000T\000o\000p\000o\000s}{part.5}% 503
\BOOKMARK [1][-]{section.28.1}{\376\377\000T\000y\000p\000e\000\040\000T\000h\000e\000o\000r\000y\000\040\000a\000n\000d\000\040\000T\000o\000p\000o\000i\000:\000\040\000T\000h\000e\000\040\000C\000o\000r\000r\000e\000s\000p\000o\000n\000d\000e\000n\000c\000e}{chapter.28}% 504
\BOOKMARK [2][-]{subsection.28.1.1}{\376\377\000H\000i\000s\000t\000o\000r\000i\000c\000a\000l\000\040\000C\000o\000n\000t\000e\000x\000t}{section.28.1}% 505
\BOOKMARK [2][-]{subsection.28.1.2}{\376\377\000T\000h\000e\000\040\000G\000e\000n\000e\000r\000a\000l\000\040\000F\000r\000a\000m\000e\000w\000o\000r\000k}{section.28.1}% 506
\BOOKMARK [1][-]{section.28.2}{\376\377\000T\000y\000p\000e\000s\000\040\000a\000s\000\040\000O\000b\000j\000e\000c\000t\000s}{chapter.28}% 507
\BOOKMARK [2][-]{subsection.28.2.1}{\376\377\000B\000a\000s\000e\000\040\000T\000y\000p\000e\000s}{section.28.2}% 508
\BOOKMARK [2][-]{subsection.28.2.2}{\376\377\000T\000y\000p\000e\000\040\000C\000o\000n\000s\000t\000r\000u\000c\000t\000o\000r\000s}{section.28.2}% 509
\BOOKMARK [2][-]{subsection.28.2.3}{\376\377\000W\000o\000r\000l\000d\000-\000I\000n\000d\000e\000x\000e\000d\000\040\000T\000y\000p\000e\000s}{section.28.2}% 510
\BOOKMARK [1][-]{section.28.3}{\376\377\000T\000e\000r\000m\000s\000\040\000a\000s\000\040\000M\000o\000r\000p\000h\000i\000s\000m\000s}{chapter.28}% 511
\BOOKMARK [2][-]{subsection.28.3.1}{\376\377\000C\000o\000n\000t\000e\000x\000t\000s\000\040\000a\000n\000d\000\040\000S\000u\000b\000s\000t\000i\000t\000u\000t\000i\000o\000n}{section.28.3}% 512
\BOOKMARK [2][-]{subsection.28.3.2}{\376\377\000I\000n\000t\000r\000o\000d\000u\000c\000t\000i\000o\000n\000\040\000a\000n\000d\000\040\000E\000l\000i\000m\000i\000n\000a\000t\000i\000o\000n\000\040\000R\000u\000l\000e\000s}{section.28.3}% 513
\BOOKMARK [2][-]{subsection.28.3.3}{\376\377\000N\000o\000e\000t\000i\000c\000\040\000O\000p\000e\000r\000a\000t\000i\000o\000n\000s\000\040\000a\000s\000\040\000T\000e\000r\000m\000s}{section.28.3}% 514
\BOOKMARK [1][-]{section.28.4}{\376\377\000D\000e\000p\000e\000n\000d\000e\000n\000t\000\040\000T\000y\000p\000e\000s}{chapter.28}% 515
\BOOKMARK [2][-]{subsection.28.4.1}{\376\377\000D\000e\000p\000e\000n\000d\000e\000n\000t\000\040\000T\000y\000p\000e\000s\000\040\000v\000i\000a\000\040\000D\000i\000s\000p\000l\000a\000y\000\040\000M\000a\000p\000s}{section.28.4}% 516
\BOOKMARK [2][-]{subsection.28.4.2}{\376\377\000P\000i\000-\000T\000y\000p\000e\000s\000\040\000\050\000D\000e\000p\000e\000n\000d\000e\000n\000t\000\040\000F\000u\000n\000c\000t\000i\000o\000n\000\040\000T\000y\000p\000e\000s\000\051}{section.28.4}% 517
\BOOKMARK [2][-]{subsection.28.4.3}{\376\377\000S\000i\000g\000m\000a\000-\000T\000y\000p\000e\000s\000\040\000\050\000D\000e\000p\000e\000n\000d\000e\000n\000t\000\040\000P\000a\000i\000r\000\040\000T\000y\000p\000e\000s\000\051}{section.28.4}% 518
\BOOKMARK [2][-]{subsection.28.4.4}{\376\377\000I\000d\000e\000n\000t\000i\000t\000y\000\040\000T\000y\000p\000e\000s}{section.28.4}% 519
\BOOKMARK [1][-]{section.28.5}{\376\377\000P\000r\000o\000p\000o\000s\000i\000t\000i\000o\000n\000s\000\040\000a\000s\000\040\000T\000y\000p\000e\000s}{chapter.28}% 520
\BOOKMARK [2][-]{subsection.28.5.1}{\376\377\000T\000h\000e\000\040\000C\000u\000r\000r\000y\000-\000H\000o\000w\000a\000r\000d\000\040\000C\000o\000r\000r\000e\000s\000p\000o\000n\000d\000e\000n\000c\000e}{section.28.5}% 521
\BOOKMARK [2][-]{subsection.28.5.2}{\376\377\000C\000o\000n\000n\000e\000c\000t\000i\000o\000n\000\040\000t\000o\000\040\000t\000h\000e\000\040\000S\000u\000b\000o\000b\000j\000e\000c\000t\000\040\000C\000l\000a\000s\000s\000i\000f\000i\000e\000r}{section.28.5}% 522
\BOOKMARK [2][-]{subsection.28.5.3}{\376\377\000P\000r\000o\000o\000f\000\040\000T\000e\000r\000m\000s\000\040\000a\000s\000\040\000M\000o\000r\000p\000h\000i\000s\000m\000s}{section.28.5}% 523
\BOOKMARK [2][-]{subsection.28.5.4}{\376\377\000L\000o\000g\000i\000c\000a\000l\000\040\000O\000p\000e\000r\000a\000t\000i\000o\000n\000s\000\040\000i\000n\000\040\000N\000T\000T}{section.28.5}% 524
\BOOKMARK [1][-]{section.28.6}{\376\377\000N\000o\000e\000t\000i\000c\000\040\000T\000y\000p\000e\000\040\000T\000h\000e\000o\000r\000y\000:\000\040\000T\000y\000p\000i\000n\000g\000\040\000R\000u\000l\000e\000s}{chapter.28}% 525
\BOOKMARK [2][-]{subsection.28.6.1}{\376\377\000J\000u\000d\000g\000m\000e\000n\000t\000s\000\040\000a\000n\000d\000\040\000C\000o\000n\000t\000e\000x\000t\000s}{section.28.6}% 526
\BOOKMARK [2][-]{subsection.28.6.2}{\376\377\000W\000o\000r\000l\000d\000-\000I\000n\000d\000e\000x\000e\000d\000\040\000T\000y\000p\000i\000n\000g}{section.28.6}% 527
\BOOKMARK [2][-]{subsection.28.6.3}{\376\377\000N\000o\000e\000t\000i\000c\000\040\000O\000p\000e\000r\000a\000t\000o\000r\000\040\000T\000y\000p\000i\000n\000g}{section.28.6}% 528
\BOOKMARK [2][-]{subsection.28.6.4}{\376\377\000A\000C\000B\000E\000\040\000D\000e\000s\000c\000e\000n\000t\000\040\000T\000y\000p\000i\000n\000g}{section.28.6}% 529
\BOOKMARK [2][-]{subsection.28.6.5}{\376\377\000R\000P\000M\000\040\000M\000o\000n\000a\000d\000\040\000T\000y\000p\000i\000n\000g}{section.28.6}% 530
\BOOKMARK [1][-]{section.28.7}{\376\377\000S\000o\000u\000n\000d\000n\000e\000s\000s\000\040\000o\000f\000\040\000N\000o\000e\000t\000i\000c\000\040\000T\000y\000p\000e\000\040\000T\000h\000e\000o\000r\000y}{chapter.28}% 531
\BOOKMARK [2][-]{subsection.28.7.1}{\376\377\000I\000n\000t\000e\000r\000p\000r\000e\000t\000a\000t\000i\000o\000n\000\040\000F\000u\000n\000c\000t\000i\000o\000n}{section.28.7}% 532
\BOOKMARK [2][-]{subsection.28.7.2}{\376\377\000S\000o\000u\000n\000d\000n\000e\000s\000s\000\040\000T\000h\000e\000o\000r\000e\000m}{section.28.7}% 533
\BOOKMARK [1][-]{section.28.8}{\376\377\000C\000o\000n\000n\000e\000c\000t\000i\000o\000n\000\040\000t\000o\000\040\000C\000o\000m\000p\000i\000l\000e\000r\000\040\000T\000r\000a\000c\000k}{chapter.28}% 534
\BOOKMARK [2][-]{subsection.28.8.1}{\376\377\000T\000y\000p\000e\000\040\000S\000y\000s\000t\000e\000m\000\040\000C\000o\000r\000r\000e\000s\000p\000o\000n\000d\000e\000n\000c\000e}{section.28.8}% 535
\BOOKMARK [2][-]{subsection.28.8.2}{\376\377\000E\000f\000f\000e\000c\000t\000\040\000S\000y\000s\000t\000e\000m}{section.28.8}% 536
\BOOKMARK [1][-]{section.28.9}{\376\377\000S\000u\000m\000m\000a\000r\000y\000\040\000a\000n\000d\000\040\000C\000o\000n\000n\000e\000c\000t\000i\000o\000n\000s}{chapter.28}% 537
\BOOKMARK [0][-]{chapter.29}{\376\377\000E\000x\000t\000e\000n\000d\000e\000d\000\040\000C\000o\000a\000l\000g\000e\000b\000r\000a\000i\000c\000\040\000D\000y\000n\000a\000m\000i\000c\000s}{part.5}% 538
\BOOKMARK [1][-]{section.29.1}{\376\377\000C\000o\000a\000l\000g\000e\000b\000r\000a\000s\000\040\000f\000o\000r\000\040\000N\000o\000e\000t\000i\000c\000\040\000S\000y\000s\000t\000e\000m\000s}{chapter.29}% 539
\BOOKMARK [2][-]{subsection.29.1.1}{\376\377\000F\000-\000C\000o\000a\000l\000g\000e\000b\000r\000a\000s\000:\000\040\000D\000e\000f\000i\000n\000i\000t\000i\000o\000n}{section.29.1}% 540
\BOOKMARK [2][-]{subsection.29.1.2}{\376\377\000N\000o\000e\000t\000i\000c\000\040\000C\000o\000a\000l\000g\000e\000b\000r\000a\000s}{section.29.1}% 541
\BOOKMARK [2][-]{subsection.29.1.3}{\376\377\000F\000i\000n\000a\000l\000\040\000C\000o\000a\000l\000g\000e\000b\000r\000a}{section.29.1}% 542
\BOOKMARK [1][-]{section.29.2}{\376\377\000B\000i\000s\000i\000m\000u\000l\000a\000t\000i\000o\000n}{chapter.29}% 543
\BOOKMARK [2][-]{subsection.29.2.1}{\376\377\000B\000i\000s\000i\000m\000u\000l\000a\000t\000i\000o\000n\000\040\000R\000e\000l\000a\000t\000i\000o\000n\000s}{section.29.2}% 544
\BOOKMARK [2][-]{subsection.29.2.2}{\376\377\000B\000i\000s\000i\000m\000u\000l\000a\000t\000i\000o\000n\000\040\000f\000o\000r\000\040\000N\000o\000e\000t\000i\000c\000\040\000S\000y\000s\000t\000e\000m\000s}{section.29.2}% 545
\BOOKMARK [2][-]{subsection.29.2.3}{\376\377\000C\000o\000i\000n\000d\000u\000c\000t\000i\000v\000e\000\040\000P\000r\000o\000o\000f\000\040\000P\000r\000i\000n\000c\000i\000p\000l\000e\000s}{section.29.2}% 546
\BOOKMARK [1][-]{section.29.3}{\376\377\000C\000o\000m\000o\000n\000a\000d\000s\000\040\000f\000o\000r\000\040\000D\000y\000n\000a\000m\000i\000c\000s}{chapter.29}% 547
\BOOKMARK [2][-]{subsection.29.3.1}{\376\377\000C\000o\000m\000o\000n\000a\000d\000\040\000D\000e\000f\000i\000n\000i\000t\000i\000o\000n}{section.29.3}% 548
\BOOKMARK [2][-]{subsection.29.3.2}{\376\377\000T\000h\000e\000\040\000N\000o\000e\000t\000i\000c\000\040\000C\000o\000n\000t\000e\000x\000t\000\040\000C\000o\000m\000o\000n\000a\000d}{section.29.3}% 549
\BOOKMARK [2][-]{subsection.29.3.3}{\376\377\000C\000o\000K\000l\000e\000i\000s\000l\000i\000\040\000C\000a\000t\000e\000g\000o\000r\000y\000\040\000a\000n\000d\000\040\000C\000o\000m\000p\000o\000s\000i\000t\000i\000o\000n}{section.29.3}% 550
\BOOKMARK [2][-]{subsection.29.3.4}{\376\377\000C\000o\000m\000o\000n\000a\000d\000-\000C\000o\000a\000l\000g\000e\000b\000r\000a\000\040\000I\000n\000t\000e\000r\000a\000c\000t\000i\000o\000n}{section.29.3}% 551
\BOOKMARK [1][-]{section.29.4}{\376\377\000T\000e\000m\000p\000o\000r\000a\000l\000\040\000L\000o\000g\000i\000c\000\040\000o\000n\000\040\000C\000o\000a\000l\000g\000e\000b\000r\000a\000s}{chapter.29}% 552
\BOOKMARK [2][-]{subsection.29.4.1}{\376\377\000T\000e\000m\000p\000o\000r\000a\000l\000\040\000O\000p\000e\000r\000a\000t\000o\000r\000s}{section.29.4}% 553
\BOOKMARK [2][-]{subsection.29.4.2}{\376\377\000N\000o\000e\000t\000i\000c\000\040\000T\000e\000m\000p\000o\000r\000a\000l\000\040\000F\000o\000r\000m\000u\000l\000a\000s}{section.29.4}% 554
\BOOKMARK [2][-]{subsection.29.4.3}{\376\377\000C\000o\000a\000l\000g\000e\000b\000r\000a\000i\000c\000\040\000S\000e\000m\000a\000n\000t\000i\000c\000s\000\040\000f\000o\000r\000\040\000T\000e\000m\000p\000o\000r\000a\000l\000\040\000L\000o\000g\000i\000c}{section.29.4}% 555
\BOOKMARK [2][-]{subsection.29.4.4}{\376\377\000M\000o\000d\000e\000l\000\040\000C\000h\000e\000c\000k\000i\000n\000g\000\040\000f\000o\000r\000\040\000T\000K\000S}{section.29.4}% 556
\BOOKMARK [1][-]{section.29.5}{\376\377\000C\000o\000a\000l\000g\000e\000b\000r\000a\000s\000\040\000i\000n\000\040\000t\000h\000e\000\040\000N\000o\000e\000t\000i\000c\000\040\000T\000o\000p\000o\000s}{chapter.29}% 557
\BOOKMARK [2][-]{subsection.29.5.1}{\376\377\000I\000n\000t\000e\000r\000n\000a\000l\000\040\000C\000o\000a\000l\000g\000e\000b\000r\000a\000s}{section.29.5}% 558
\BOOKMARK [2][-]{subsection.29.5.2}{\376\377\000I\000n\000t\000e\000r\000n\000a\000l\000\040\000B\000i\000s\000i\000m\000u\000l\000a\000t\000i\000o\000n}{section.29.5}% 559
\BOOKMARK [2][-]{subsection.29.5.3}{\376\377\000I\000n\000t\000e\000r\000n\000a\000l\000\040\000T\000e\000m\000p\000o\000r\000a\000l\000\040\000L\000o\000g\000i\000c}{section.29.5}% 560
\BOOKMARK [2][-]{subsection.29.5.4}{\376\377\000T\000e\000m\000p\000o\000r\000a\000l\000\040\000T\000y\000p\000e\000s\000\040\000i\000n\000\040\000N\000T\000T}{section.29.5}% 561
\BOOKMARK [1][-]{section.29.6}{\376\377\000S\000u\000m\000m\000a\000r\000y\000\040\000a\000n\000d\000\040\000C\000o\000n\000n\000e\000c\000t\000i\000o\000n\000s}{chapter.29}% 562
\BOOKMARK [0][-]{chapter.30}{\376\377\000I\000n\000d\000e\000x\000e\000d\000\040\000a\000n\000d\000\040\000F\000i\000b\000e\000r\000e\000d\000\040\000S\000t\000r\000u\000c\000t\000u\000r\000e\000s}{part.5}% 563
\BOOKMARK [1][-]{section.30.1}{\376\377\000F\000i\000b\000r\000a\000t\000i\000o\000n\000s\000\040\000i\000n\000\040\000T\000K\000S}{chapter.30}% 564
\BOOKMARK [2][-]{subsection.30.1.1}{\376\377\000G\000r\000o\000t\000h\000e\000n\000d\000i\000e\000c\000k\000\040\000F\000i\000b\000r\000a\000t\000i\000o\000n\000s\000:\000\040\000D\000e\000f\000i\000n\000i\000t\000i\000o\000n}{section.30.1}% 565
\BOOKMARK [2][-]{subsection.30.1.2}{\376\377\000T\000h\000e\000\040\000W\000o\000r\000l\000d\000\040\000F\000i\000b\000r\000a\000t\000i\000o\000n}{section.30.1}% 566
\BOOKMARK [2][-]{subsection.30.1.3}{\376\377\000C\000a\000r\000t\000e\000s\000i\000a\000n\000\040\000M\000o\000r\000p\000h\000i\000s\000m\000s\000\040\000a\000n\000d\000\040\000R\000e\000i\000n\000d\000e\000x\000i\000n\000g}{section.30.1}% 567
\BOOKMARK [1][-]{section.30.2}{\376\377\000B\000a\000s\000e\000\040\000C\000h\000a\000n\000g\000e}{chapter.30}% 568
\BOOKMARK [2][-]{subsection.30.2.1}{\376\377\000B\000a\000s\000e\000\040\000C\000h\000a\000n\000g\000e\000\040\000F\000u\000n\000c\000t\000o\000r\000s}{section.30.2}% 569
\BOOKMARK [2][-]{subsection.30.2.2}{\376\377\000B\000e\000c\000k\000-\000C\000h\000e\000v\000a\000l\000l\000e\000y\000\040\000C\000o\000n\000d\000i\000t\000i\000o\000n}{section.30.2}% 570
\BOOKMARK [1][-]{section.30.3}{\376\377\000I\000n\000d\000e\000x\000e\000d\000\040\000C\000a\000t\000e\000g\000o\000r\000i\000e\000s}{chapter.30}% 571
\BOOKMARK [2][-]{subsection.30.3.1}{\376\377\000I\000n\000d\000e\000x\000e\000d\000\040\000C\000a\000t\000e\000g\000o\000r\000i\000e\000s\000:\000\040\000D\000e\000f\000i\000n\000i\000t\000i\000o\000n}{section.30.3}% 572
\BOOKMARK [2][-]{subsection.30.3.2}{\376\377\000E\000q\000u\000i\000v\000a\000l\000e\000n\000c\000e\000\040\000o\000f\000\040\000F\000i\000b\000r\000a\000t\000i\000o\000n\000s\000\040\000a\000n\000d\000\040\000I\000n\000d\000e\000x\000e\000d\000\040\000C\000a\000t\000e\000g\000o\000r\000i\000e\000s}{section.30.3}% 573
\BOOKMARK [2][-]{subsection.30.3.3}{\376\377\000W\000o\000r\000l\000d\000-\000I\000n\000d\000e\000x\000e\000d\000\040\000F\000a\000m\000i\000l\000i\000e\000s\000\040\000o\000f\000\040\000I\000d\000e\000a\000s}{section.30.3}% 574
\BOOKMARK [1][-]{section.30.4}{\376\377\000D\000e\000p\000e\000n\000d\000e\000n\000t\000\040\000T\000y\000p\000e\000s\000\040\000v\000i\000a\000\040\000F\000i\000b\000r\000a\000t\000i\000o\000n\000s}{chapter.30}% 575
\BOOKMARK [2][-]{subsection.30.4.1}{\376\377\000D\000i\000s\000p\000l\000a\000y\000\040\000M\000a\000p\000s}{section.30.4}% 576
\BOOKMARK [2][-]{subsection.30.4.2}{\376\377\000C\000o\000m\000p\000r\000e\000h\000e\000n\000s\000i\000o\000n\000\040\000C\000a\000t\000e\000g\000o\000r\000i\000e\000s}{section.30.4}% 577
\BOOKMARK [2][-]{subsection.30.4.3}{\376\377\000P\000i\000\040\000a\000n\000d\000\040\000S\000i\000g\000m\000a\000\040\000T\000y\000p\000e\000s\000\040\000v\000i\000a\000\040\000A\000d\000j\000o\000i\000n\000t\000s}{section.30.4}% 578
\BOOKMARK [1][-]{section.30.5}{\376\377\000M\000u\000l\000t\000i\000-\000W\000o\000r\000l\000d\000\040\000S\000e\000m\000a\000n\000t\000i\000c\000s}{chapter.30}% 579
\BOOKMARK [2][-]{subsection.30.5.1}{\376\377\000K\000r\000i\000p\000k\000e\000\040\000S\000t\000r\000u\000c\000t\000u\000r\000e\000s\000\040\000f\000o\000r\000\040\000T\000K\000S}{section.30.5}% 580
\BOOKMARK [2][-]{subsection.30.5.2}{\376\377\000M\000o\000d\000a\000l\000\040\000O\000p\000e\000r\000a\000t\000o\000r\000s}{section.30.5}% 581
\BOOKMARK [2][-]{subsection.30.5.3}{\376\377\000S\000h\000e\000a\000f\000\040\000S\000e\000m\000a\000n\000t\000i\000c\000s\000\040\000f\000o\000r\000\040\000M\000o\000d\000a\000l\000\040\000L\000o\000g\000i\000c}{section.30.5}% 582
\BOOKMARK [2][-]{subsection.30.5.4}{\376\377\000C\000o\000n\000n\000e\000c\000t\000i\000o\000n\000\040\000t\000o\000\040\000F\000i\000b\000e\000r\000e\000d\000\040\000S\000t\000r\000u\000c\000t\000u\000r\000e}{section.30.5}% 583
\BOOKMARK [1][-]{section.30.6}{\376\377\000S\000u\000m\000m\000a\000r\000y\000\040\000a\000n\000d\000\040\000C\000o\000n\000n\000e\000c\000t\000i\000o\000n\000s}{chapter.30}% 584
\BOOKMARK [0][-]{chapter.31}{\376\377\000H\000i\000g\000h\000e\000r\000\040\000S\000t\000r\000u\000c\000t\000u\000r\000e\000s\000\040\000a\000n\000d\000\040\000F\000u\000t\000u\000r\000e\000\040\000D\000i\000r\000e\000c\000t\000i\000o\000n\000s}{part.5}% 585
\BOOKMARK [1][-]{section.31.1}{\376\377\000T\000o\000w\000a\000r\000d\000s\000\040\000I\000n\000f\000i\000n\000i\000t\000y\000-\000C\000a\000t\000e\000g\000o\000r\000i\000e\000s}{chapter.31}% 586
\BOOKMARK [2][-]{subsection.31.1.1}{\376\377\000B\000r\000i\000e\000f\000\040\000I\000n\000t\000r\000o\000d\000u\000c\000t\000i\000o\000n\000\040\000t\000o\000\040\000\050\000,\0001\000\051\000-\000C\000a\000t\000e\000g\000o\000r\000i\000e\000s}{section.31.1}% 587
\BOOKMARK [2][-]{subsection.31.1.2}{\376\377\000T\000K\000S\000\040\000a\000s\000\040\000a\000n\000\040\000-\000C\000a\000t\000e\000g\000o\000r\000y}{section.31.1}% 588
\BOOKMARK [2][-]{subsection.31.1.3}{\376\377\000Q\000u\000a\000s\000i\000-\000C\000a\000t\000e\000g\000o\000r\000y\000\040\000M\000o\000d\000e\000l}{section.31.1}% 589
\BOOKMARK [1][-]{section.31.2}{\376\377\000H\000o\000m\000o\000t\000o\000p\000y\000\040\000T\000y\000p\000e\000\040\000T\000h\000e\000o\000r\000y\000\040\000P\000e\000r\000s\000p\000e\000c\000t\000i\000v\000e}{chapter.31}% 590
\BOOKMARK [2][-]{subsection.31.2.1}{\376\377\000I\000d\000e\000n\000t\000i\000t\000y\000\040\000T\000y\000p\000e\000s\000\040\000a\000s\000\040\000N\000o\000e\000t\000i\000c\000\040\000P\000a\000t\000h\000s}{section.31.2}% 591
\BOOKMARK [2][-]{subsection.31.2.2}{\376\377\000U\000n\000i\000v\000a\000l\000e\000n\000c\000e\000\040\000a\000n\000d\000\040\000T\000K\000S}{section.31.2}% 592
\BOOKMARK [2][-]{subsection.31.2.3}{\376\377\000H\000i\000g\000h\000e\000r\000\040\000I\000n\000d\000u\000c\000t\000i\000v\000e\000\040\000T\000y\000p\000e\000s\000\040\000f\000o\000r\000\040\000F\000r\000a\000c\000t\000a\000l\000s}{section.31.2}% 593
\BOOKMARK [1][-]{section.31.3}{\376\377\000D\000i\000r\000e\000c\000t\000e\000d\000\040\000T\000y\000p\000e\000\040\000T\000h\000e\000o\000r\000y}{chapter.31}% 594
\BOOKMARK [2][-]{subsection.31.3.1}{\376\377\000C\000a\000t\000e\000g\000o\000r\000i\000e\000s\000\040\000v\000s\000.\000\040\000G\000r\000o\000u\000p\000o\000i\000d\000s}{section.31.3}% 595
\BOOKMARK [2][-]{subsection.31.3.2}{\376\377\000D\000i\000r\000e\000c\000t\000e\000d\000\040\000H\000o\000T\000T\000\040\000f\000o\000r\000\040\000T\000K\000S}{section.31.3}% 596
\BOOKMARK [1][-]{section.31.4}{\376\377\000S\000y\000n\000t\000h\000e\000t\000i\000c\000\040\000T\000K\000S}{chapter.31}% 597
\BOOKMARK [2][-]{subsection.31.4.1}{\376\377\000A\000x\000i\000o\000m\000s\000\040\000f\000o\000r\000\040\000N\000o\000e\000t\000i\000c\000\040\000S\000p\000a\000c\000e\000s}{section.31.4}% 598
\BOOKMARK [2][-]{subsection.31.4.2}{\376\377\000M\000o\000d\000a\000l\000i\000t\000i\000e\000s\000\040\000f\000o\000r\000\040\000W\000o\000r\000l\000d\000\040\000S\000t\000r\000u\000c\000t\000u\000r\000e}{section.31.4}% 599
\BOOKMARK [2][-]{subsection.31.4.3}{\376\377\000C\000o\000h\000e\000s\000i\000v\000e\000\040\000S\000t\000r\000u\000c\000t\000u\000r\000e}{section.31.4}% 600
\BOOKMARK [1][-]{section.31.5}{\376\377\000U\000n\000i\000f\000i\000c\000a\000t\000i\000o\000n\000\040\000V\000i\000s\000i\000o\000n\000:\000\040\000T\000h\000e\000\040\000T\000K\000S\000\040\000C\000u\000b\000e}{chapter.31}% 601
\BOOKMARK [2][-]{subsection.31.5.1}{\376\377\000T\000h\000e\000\040\000F\000o\000u\000r\000\040\000T\000r\000a\000c\000k\000s}{section.31.5}% 602
\BOOKMARK [2][-]{subsection.31.5.2}{\376\377\000T\000h\000e\000\040\000T\000K\000S\000\040\000C\000u\000b\000e}{section.31.5}% 603
\BOOKMARK [2][-]{subsection.31.5.3}{\376\377\000U\000n\000i\000f\000i\000c\000a\000t\000i\000o\000n\000\040\000P\000r\000i\000n\000c\000i\000p\000l\000e\000s}{section.31.5}% 604
\BOOKMARK [2][-]{subsection.31.5.4}{\376\377\000T\000h\000e\000\040\000M\000e\000t\000a\000\040\000T\000r\000a\000c\000k\000\040\000a\000s\000\040\000O\000r\000g\000a\000n\000i\000z\000i\000n\000g\000\040\000P\000r\000i\000n\000c\000i\000p\000l\000e}{section.31.5}% 605
\BOOKMARK [1][-]{section.31.6}{\376\377\000C\000h\000a\000p\000t\000e\000r\000\040\0007\000\040\000S\000u\000m\000m\000a\000r\000y\000\040\000a\000n\000d\000\040\000v\0007\000.\0003\000\040\000M\000e\000t\000a\000\040\000T\000r\000a\000c\000k\000\040\000H\000a\000n\000d\000o\000f\000f}{chapter.31}% 606
\BOOKMARK [2][-]{subsection.31.6.1}{\376\377\000C\000h\000a\000p\000t\000e\000r\000\040\0007\000\040\000S\000u\000m\000m\000a\000r\000y}{section.31.6}% 607
\BOOKMARK [2][-]{subsection.31.6.2}{\376\377\000C\000o\000m\000p\000l\000e\000t\000e\000\040\000v\0007\000.\0003\000\040\000M\000e\000t\000a\000\040\000T\000r\000a\000c\000k\000\040\000S\000u\000m\000m\000a\000r\000y}{section.31.6}% 608
\BOOKMARK [2][-]{subsection.31.6.3}{\376\377\000K\000e\000y\000\040\000S\000t\000r\000u\000c\000t\000u\000r\000e\000s\000\040\000R\000e\000f\000e\000r\000e\000n\000c\000e}{section.31.6}% 609
\BOOKMARK [2][-]{subsection.31.6.4}{\376\377\000O\000p\000e\000n\000\040\000P\000r\000o\000b\000l\000e\000m\000s}{section.31.6}% 610
\BOOKMARK [2][-]{subsection.31.6.5}{\376\377\000H\000a\000n\000d\000o\000f\000f\000\040\000N\000o\000t\000e\000s\000\040\000f\000o\000r\000\040\000C\000o\000n\000t\000i\000n\000u\000a\000t\000i\000o\000n}{section.31.6}% 611
\BOOKMARK [1][-]{section.31.7}{\376\377\000M\000A\000S\000T\000E\000R\000\040\000H\000A\000N\000D\000O\000F\000F\000:\000\040\000T\000K\000S\000\040\000v\0007\000.\0003\000\040\000t\000o\000\040\000v\0007\000.\0004}{chapter.31}% 612
\BOOKMARK [2][-]{subsection.31.7.1}{\376\377\000v\0007\000.\0003\000\040\000A\000c\000c\000o\000m\000p\000l\000i\000s\000h\000m\000e\000n\000t\000s\000\040\000A\000c\000r\000o\000s\000s\000\040\000A\000l\000l\000\040\000T\000r\000a\000c\000k\000s}{section.31.7}% 613
\BOOKMARK [2][-]{subsection.31.7.2}{\376\377\000W\000h\000a\000t\000\040\000R\000e\000m\000a\000i\000n\000s\000\040\000f\000o\000r\000\040\000v\0007\000.\0004}{section.31.7}% 614
\BOOKMARK [2][-]{subsection.31.7.3}{\376\377\000R\000e\000c\000o\000m\000m\000e\000n\000d\000e\000d\000\040\000N\000e\000x\000t\000\040\000S\000t\000e\000p\000s}{section.31.7}% 615
\BOOKMARK [2][-]{subsection.31.7.4}{\376\377\000F\000i\000l\000e\000\040\000O\000r\000g\000a\000n\000i\000z\000a\000t\000i\000o\000n}{section.31.7}% 616
\BOOKMARK [2][-]{subsection.31.7.5}{\376\377\000V\000e\000r\000s\000i\000o\000n\000\040\000H\000i\000s\000t\000o\000r\000y}{section.31.7}% 617
\BOOKMARK [-1][-]{part.6}{\376\377\000V\000I\000\040\000I\000n\000t\000e\000g\000r\000a\000t\000e\000d\000\040\000E\000x\000a\000m\000p\000l\000e\000s\000\040\000a\000n\000d\000\040\000A\000p\000p\000l\000i\000c\000a\000t\000i\000o\000n\000s}{}% 618
\BOOKMARK [0][-]{chapter.32}{\376\377\000C\000r\000o\000s\000s\000-\000T\000r\000a\000c\000k\000\040\000E\000x\000a\000m\000p\000l\000e\000s}{part.6}% 619
\BOOKMARK [1][-]{section.32.1}{\376\377\000E\000x\000a\000m\000p\000l\000e\000:\000\040\000T\000r\000a\000n\000s\000f\000i\000n\000i\000t\000e\000\040\000F\000r\000a\000c\000t\000a\000l\000\040\000C\000o\000m\000p\000i\000l\000a\000t\000i\000o\000n}{chapter.32}% 620
\BOOKMARK [1][-]{section.32.2}{\376\377\000E\000x\000a\000m\000p\000l\000e\000:\000\040\000Q\000u\000a\000n\000t\000u\000m\000\040\000N\000o\000e\000t\000i\000c\000\040\000E\000x\000e\000c\000u\000t\000i\000o\000n}{chapter.32}% 621
\BOOKMARK [1][-]{section.32.3}{\376\377\000E\000x\000a\000m\000p\000l\000e\000:\000\040\000T\000o\000p\000o\000s\000-\000T\000h\000e\000o\000r\000e\000t\000i\000c\000\040\000S\000e\000m\000a\000n\000t\000i\000c\000s\000\040\000o\000f\000\040\000F\000r\000a\000c\000t\000a\000l\000s}{chapter.32}% 622
\BOOKMARK [1][-]{section.32.4}{\376\377\000E\000x\000a\000m\000p\000l\000e\000:\000\040\000Q\000u\000a\000n\000t\000u\000m\000\040\000C\000h\000a\000n\000n\000e\000l\000s\000\040\000i\000n\000\040\000t\000h\000e\000\040\000N\000o\000e\000t\000i\000c\000\040\000T\000o\000p\000o\000s}{chapter.32}% 623
\BOOKMARK [-1][-]{part.7}{\376\377\000V\000I\000I\000\040\000A\000p\000p\000e\000n\000d\000i\000c\000e\000s}{}% 624
\BOOKMARK [0][-]{chapter.33}{\376\377\000C\000o\000m\000p\000l\000e\000t\000e\000\040\000S\000y\000m\000b\000o\000l\000\040\000R\000e\000f\000e\000r\000e\000n\000c\000e}{part.7}% 625
\BOOKMARK [1][-]{section.33.1}{\376\377\000v\0006\000.\0001\000\040\000S\000y\000m\000b\000o\000l\000s}{chapter.33}% 626
\BOOKMARK [1][-]{section.33.2}{\376\377\000v\0007\000.\0000\000\040\000S\000y\000m\000b\000o\000l\000s}{chapter.33}% 627
\BOOKMARK [1][-]{section.33.3}{\376\377\000v\0007\000.\0001\000\040\000S\000y\000m\000b\000o\000l\000s}{chapter.33}% 628
\BOOKMARK [1][-]{section.33.4}{\376\377\000v\0007\000.\0002\000\040\000S\000y\000m\000b\000o\000l\000s}{chapter.33}% 629
\BOOKMARK [1][-]{section.33.5}{\376\377\000v\0007\000.\0003\000\040\000S\000y\000m\000b\000o\000l\000s}{chapter.33}% 630
\BOOKMARK [0][-]{chapter.34}{\376\377\000V\000e\000r\000s\000i\000o\000n\000\040\000H\000i\000s\000t\000o\000r\000y}{part.7}% 631
\BOOKMARK [1][-]{section.34.1}{\376\377\000V\000e\000r\000s\000i\000o\000n\000\040\0006\000.\0000}{chapter.34}% 632
\BOOKMARK [1][-]{section.34.2}{\376\377\000V\000e\000r\000s\000i\000o\000n\000\040\0006\000.\0001}{chapter.34}% 633
\BOOKMARK [1][-]{section.34.3}{\376\377\000V\000e\000r\000s\000i\000o\000n\000\040\0007\000.\0000}{chapter.34}% 634
\BOOKMARK [1][-]{section.34.4}{\376\377\000V\000e\000r\000s\000i\000o\000n\000\040\0007\000.\0001}{chapter.34}% 635
\BOOKMARK [1][-]{section.34.5}{\376\377\000V\000e\000r\000s\000i\000o\000n\000\040\0007\000.\0002}{chapter.34}% 636
\BOOKMARK [1][-]{section.34.6}{\376\377\000V\000e\000r\000s\000i\000o\000n\000\040\0007\000.\0003}{chapter.34}% 637
\BOOKMARK [0][-]{chapter.35}{\376\377\000C\000r\000o\000s\000s\000-\000R\000e\000f\000e\000r\000e\000n\000c\000e\000\040\000I\000n\000d\000e\000x}{part.7}% 638
\BOOKMARK [0][-]{chapter*.35}{\376\377\000A\000c\000k\000n\000o\000w\000l\000e\000d\000g\000m\000e\000n\000t\000s}{part.7}% 639
