\BOOKMARK [0][-]{chapter*.1}{\376\377\000v\0007\000.\0003\000\040\000-\000>\000\040\000v\0007\000.\0004\000\040\000C\000o\000n\000t\000i\000n\000u\000i\000t\000y\000\040\000B\000r\000i\000d\000g\000e}{}% 1
\BOOKMARK [0][-]{chapter*.3}{\376\377\000G\000u\000i\000d\000e\000\040\000t\000o\000\040\000T\000h\000i\000s\000\040\000M\000a\000n\000u\000a\000l}{}% 2
\BOOKMARK [-1][-]{part.1}{\376\377\000I\000\040\000C\000a\000n\000o\000n\000i\000c\000a\000l\000\040\000F\000o\000u\000n\000d\000a\000t\000i\000o\000n\000\040\000\050\000v\0006\000.\0001\000\040\000R\000e\000f\000e\000r\000e\000n\000c\000e\000\051}{}% 3
\BOOKMARK [0][-]{chapter.1}{\376\377\000O\000n\000t\000o\000l\000o\000g\000i\000c\000a\000l\000\040\000F\000o\000u\000n\000d\000a\000t\000i\000o\000n\000s\000\040\000R\000e\000f\000e\000r\000e\000n\000c\000e}{part.1}% 4
\BOOKMARK [1][-]{section.1.1}{\376\377\000T\000e\000r\000m\000i\000n\000o\000l\000o\000g\000y\000\040\000E\000q\000u\000i\000v\000a\000l\000e\000n\000c\000e\000\040\000f\000o\000r\000\040\000F\000o\000u\000n\000d\000a\000t\000i\000o\000n\000s}{chapter.1}% 5
\BOOKMARK [2][-]{subsection.1.1.1}{\376\377\000T\000h\000e\000\040\0002\0008\000\040\000S\000u\000b\000-\000F\000o\000u\000n\000d\000a\000t\000i\000o\000n\000s\000\040\000\050\000C\000a\000n\000o\000n\000i\000c\000a\000l\000\040\000G\000r\000i\000d\000\051}{section.1.1}% 6
\BOOKMARK [0][-]{chapter.2}{\376\377\000C\000o\000r\000e\000\040\000C\000a\000l\000c\000u\000l\000u\000s\000\040\000O\000v\000e\000r\000v\000i\000e\000w}{part.1}% 7
\BOOKMARK [1][-]{section.2.1}{\376\377\000C\000o\000r\000e\000\040\000O\000b\000j\000e\000c\000t\000s}{chapter.2}% 8
\BOOKMARK [1][-]{section.2.2}{\376\377\000A\000l\000g\000e\000b\000r\000a\000i\000c\000\040\000S\000t\000r\000u\000c\000t\000u\000r\000e}{chapter.2}% 9
\BOOKMARK [1][-]{section.2.3}{\376\377\000T\000h\000e\000\040\000R\000P\000M\000\040\000M\000o\000n\000a\000d}{chapter.2}% 10
\BOOKMARK [1][-]{section.2.4}{\376\377\000F\000i\000n\000i\000t\000e\000\040\000F\000r\000a\000c\000t\000a\000l\000s}{chapter.2}% 11
\BOOKMARK [1][-]{section.2.5}{\376\377\000C\000o\000r\000e\000\040\000T\000h\000e\000o\000r\000e\000m\000s}{chapter.2}% 12
\BOOKMARK [1][-]{section.2.6}{\376\377\000D\000e\000n\000o\000t\000a\000t\000i\000o\000n\000a\000l\000\040\000S\000e\000m\000a\000n\000t\000i\000c\000s\000\040\000o\000f\000\040\000t\000h\000e\000\040\000C\000o\000r\000e\000\040\000C\000a\000l\000c\000u\000l\000u\000s}{chapter.2}% 13
\BOOKMARK [1][-]{section.2.7}{\376\377\000O\000p\000e\000r\000a\000t\000i\000o\000n\000a\000l\000\040\000S\000e\000m\000a\000n\000t\000i\000c\000s\000\040\000o\000f\000\040\000t\000h\000e\000\040\000C\000o\000r\000e\000\040\000C\000a\000l\000c\000u\000l\000u\000s}{chapter.2}% 14
\BOOKMARK [1][-]{section.2.8}{\376\377\000S\000o\000u\000n\000d\000n\000e\000s\000s\000\040\000a\000n\000d\000\040\000A\000d\000e\000q\000u\000a\000c\000y}{chapter.2}% 15
\BOOKMARK [-1][-]{part.2}{\376\377\000I\000I\000\040\000T\000r\000a\000n\000s\000f\000i\000n\000i\000t\000e\000\040\000N\000o\000e\000t\000i\000c\000\040\000F\000r\000a\000c\000t\000a\000l\000s\000\040\000\050\000v\0007\000.\0003\000\051}{}% 16
\BOOKMARK [0][-]{chapter.3}{\376\377\000O\000r\000d\000i\000n\000a\000l\000\040\000F\000r\000a\000c\000t\000a\000l\000\040\000S\000t\000r\000u\000c\000t\000u\000r\000e\000s}{part.2}% 17
\BOOKMARK [1][-]{section.3.1}{\376\377\000R\000e\000v\000i\000e\000w\000:\000\040\000T\000r\000a\000n\000s\000f\000i\000n\000i\000t\000e\000\040\000F\000r\000a\000c\000t\000a\000l\000s\000\040\000f\000r\000o\000m\000\040\000v\0007\000.\0002}{chapter.3}% 18
\BOOKMARK [1][-]{section.3.2}{\376\377\000T\000h\000e\000\040\000C\000a\000t\000e\000g\000o\000r\000y\000\040\000o\000f\000\040\000O\000r\000d\000i\000n\000a\000l\000\040\000F\000r\000a\000c\000t\000a\000l\000s}{chapter.3}% 19
\BOOKMARK [2][-]{subsection.3.2.1}{\376\377\000O\000b\000j\000e\000c\000t\000s\000\040\000a\000n\000d\000\040\000M\000o\000r\000p\000h\000i\000s\000m\000s\000\040\000o\000f\000\040\000F\000O\000r\000d}{section.3.2}% 20
\BOOKMARK [2][-]{subsection.3.2.2}{\376\377\000I\000n\000i\000t\000i\000a\000l\000\040\000a\000n\000d\000\040\000T\000e\000r\000m\000i\000n\000a\000l\000\040\000O\000b\000j\000e\000c\000t\000s}{section.3.2}% 21
\BOOKMARK [2][-]{subsection.3.2.3}{\376\377\000P\000r\000o\000d\000u\000c\000t\000s\000\040\000a\000n\000d\000\040\000C\000o\000p\000r\000o\000d\000u\000c\000t\000s}{section.3.2}% 22
\BOOKMARK [2][-]{subsection.3.2.4}{\376\377\000T\000h\000e\000\040\000P\000r\000e\000f\000i\000x\000\040\000O\000r\000d\000e\000r\000\040\000a\000s\000\040\000a\000\040\000S\000u\000b\000c\000a\000t\000e\000g\000o\000r\000y}{section.3.2}% 23
\BOOKMARK [2][-]{subsection.3.2.5}{\376\377\000L\000i\000m\000i\000t\000s\000\040\000a\000n\000d\000\040\000C\000o\000l\000i\000m\000i\000t\000s\000\040\000i\000n\000\040\000F\000O\000r\000d}{section.3.2}% 24
\BOOKMARK [2][-]{subsection.3.2.6}{\376\377\000I\000l\000l\000u\000s\000t\000r\000a\000t\000i\000v\000e\000\040\000E\000x\000a\000m\000p\000l\000e\000:\000\040\000M\000o\000r\000p\000h\000i\000s\000m\000s\000\040\000B\000e\000t\000w\000e\000e\000n\000\040\000G\000r\000a\000d\000e\000s}{section.3.2}% 25
\BOOKMARK [1][-]{section.3.3}{\376\377\000L\000i\000m\000i\000t\000s\000\040\000a\000n\000d\000\040\000C\000o\000l\000i\000m\000i\000t\000s\000\040\000i\000n\000\040\000O\000r\000d\000F\000r\000a\000c}{chapter.3}% 26
\BOOKMARK [1][-]{section.3.4}{\376\377\000T\000r\000a\000n\000s\000f\000i\000n\000i\000t\000e\000\040\000I\000n\000d\000u\000c\000t\000i\000o\000n\000\040\000o\000n\000\040\000F\000r\000a\000c\000t\000a\000l\000s}{chapter.3}% 27
\BOOKMARK [1][-]{section.3.5}{\376\377\000L\000a\000r\000g\000e\000\040\000C\000a\000r\000d\000i\000n\000a\000l\000\040\000C\000o\000n\000s\000i\000d\000e\000r\000a\000t\000i\000o\000n\000s}{chapter.3}% 28
\BOOKMARK [0][-]{chapter.4}{\376\377\000F\000r\000a\000c\000t\000a\000l\000\040\000D\000i\000m\000e\000n\000s\000i\000o\000n\000\040\000T\000h\000e\000o\000r\000y}{part.2}% 29
\BOOKMARK [1][-]{section.4.1}{\376\377\000H\000a\000u\000s\000d\000o\000r\000f\000f\000\040\000M\000e\000a\000s\000u\000r\000e\000\040\000o\000n\000\040\000I\000d\000e\000a\000\040\000S\000p\000a\000c\000e}{chapter.4}% 30
\BOOKMARK [2][-]{subsection.4.1.1}{\376\377\000M\000e\000t\000r\000i\000c\000\040\000F\000o\000u\000n\000d\000a\000t\000i\000o\000n\000s\000\040\000f\000o\000r\000\040\000D\000i\000m\000e\000n\000s\000i\000o\000n}{section.4.1}% 31
\BOOKMARK [2][-]{subsection.4.1.2}{\376\377\000H\000a\000u\000s\000d\000o\000r\000f\000f\000\040\000M\000e\000a\000s\000u\000r\000e\000\040\000C\000o\000n\000s\000t\000r\000u\000c\000t\000i\000o\000n}{section.4.1}% 32
\BOOKMARK [1][-]{section.4.2}{\376\377\000H\000a\000u\000s\000d\000o\000r\000f\000f\000\040\000D\000i\000m\000e\000n\000s\000i\000o\000n\000\040\000o\000f\000\040\000F\000r\000a\000c\000t\000a\000l\000\040\000O\000r\000b\000i\000t\000s}{chapter.4}% 33
\BOOKMARK [1][-]{section.4.3}{\376\377\000B\000o\000x\000-\000C\000o\000u\000n\000t\000i\000n\000g\000\040\000D\000i\000m\000e\000n\000s\000i\000o\000n}{chapter.4}% 34
\BOOKMARK [2][-]{subsection.4.3.1}{\376\377\000D\000e\000f\000i\000n\000i\000t\000i\000o\000n\000\040\000a\000n\000d\000\040\000B\000a\000s\000i\000c\000\040\000P\000r\000o\000p\000e\000r\000t\000i\000e\000s}{section.4.3}% 35
\BOOKMARK [2][-]{subsection.4.3.2}{\376\377\000C\000o\000m\000p\000u\000t\000a\000t\000i\000o\000n\000a\000l\000\040\000A\000s\000p\000e\000c\000t\000s}{section.4.3}% 36
\BOOKMARK [1][-]{section.4.4}{\376\377\000N\000o\000e\000t\000i\000c\000\040\000I\000n\000t\000e\000r\000p\000r\000e\000t\000a\000t\000i\000o\000n\000\040\000o\000f\000\040\000D\000i\000m\000e\000n\000s\000i\000o\000n}{chapter.4}% 37
\BOOKMARK [2][-]{subsection.4.4.1}{\376\377\000D\000i\000m\000e\000n\000s\000i\000o\000n\000\040\000a\000s\000\040\000N\000o\000e\000t\000i\000c\000\040\000C\000o\000m\000p\000l\000e\000x\000i\000t\000y}{section.4.4}% 38
\BOOKMARK [2][-]{subsection.4.4.2}{\376\377\000I\000n\000f\000o\000r\000m\000a\000t\000i\000o\000n\000\040\000C\000o\000n\000t\000e\000n\000t\000\040\000o\000f\000\040\000F\000r\000a\000c\000t\000a\000l\000\040\000S\000e\000q\000u\000e\000n\000c\000e\000s}{section.4.4}% 39
\BOOKMARK [2][-]{subsection.4.4.3}{\376\377\000D\000i\000m\000e\000n\000s\000i\000o\000n\000\040\000o\000f\000\040\000A\000t\000t\000r\000a\000c\000t\000o\000r\000\040\000S\000e\000t\000s}{section.4.4}% 40
\BOOKMARK [1][-]{section.4.5}{\376\377\000D\000i\000m\000e\000n\000s\000i\000o\000n\000\040\000o\000f\000\040\000E\000i\000g\000e\000n\000f\000r\000a\000c\000t\000a\000l\000s}{chapter.4}% 41
\BOOKMARK [1][-]{section.4.6}{\376\377\000T\000h\000e\000\040\000N\000o\000e\000t\000i\000c\000\040\000D\000i\000m\000e\000n\000s\000i\000o\000n\000\040\000T\000h\000e\000o\000r\000e\000m}{chapter.4}% 42
\BOOKMARK [0][-]{chapter.5}{\376\377\000I\000t\000e\000r\000a\000t\000e\000d\000\040\000F\000u\000n\000c\000t\000i\000o\000n\000\040\000S\000y\000s\000t\000e\000m\000s\000\040\000o\000n\000\040\000I\000d\000e\000a\000s}{part.2}% 43
\BOOKMARK [1][-]{section.5.1}{\376\377\000I\000F\000S\000\040\000F\000o\000u\000n\000d\000a\000t\000i\000o\000n\000s}{chapter.5}% 44
\BOOKMARK [2][-]{subsection.5.1.1}{\376\377\000C\000l\000a\000s\000s\000i\000c\000a\000l\000\040\000I\000F\000S\000\040\000T\000h\000e\000o\000r\000y}{section.5.1}% 45
\BOOKMARK [2][-]{subsection.5.1.2}{\376\377\000N\000o\000e\000t\000i\000c\000\040\000I\000F\000S\000\040\000o\000n\000\040\000I\000d\000e\000a\000\040\000S\000p\000a\000c\000e}{section.5.1}% 46
\BOOKMARK [1][-]{section.5.2}{\376\377\000N\000o\000e\000t\000i\000c\000s\000\040\000a\000s\000\040\000C\000o\000n\000t\000r\000a\000c\000t\000i\000v\000e\000\040\000O\000p\000e\000r\000a\000t\000o\000r\000s}{chapter.5}% 47
\BOOKMARK [2][-]{subsection.5.2.1}{\376\377\000C\000o\000n\000t\000r\000a\000c\000t\000i\000o\000n\000\040\000A\000n\000a\000l\000y\000s\000i\000s}{section.5.2}% 48
\BOOKMARK [2][-]{subsection.5.2.2}{\376\377\000C\000l\000a\000s\000s\000i\000f\000i\000c\000a\000t\000i\000o\000n\000\040\000o\000f\000\040\000N\000o\000e\000t\000i\000c\000\040\000C\000o\000n\000t\000r\000a\000c\000t\000i\000o\000n\000s}{section.5.2}% 49
\BOOKMARK [1][-]{section.5.3}{\376\377\000T\000h\000e\000\040\000H\000u\000t\000c\000h\000i\000n\000s\000o\000n\000\040\000O\000p\000e\000r\000a\000t\000o\000r}{chapter.5}% 50
\BOOKMARK [2][-]{subsection.5.3.1}{\376\377\000D\000e\000f\000i\000n\000i\000t\000i\000o\000n\000\040\000a\000n\000d\000\040\000B\000a\000s\000i\000c\000\040\000P\000r\000o\000p\000e\000r\000t\000i\000e\000s}{section.5.3}% 51
\BOOKMARK [2][-]{subsection.5.3.2}{\376\377\000C\000o\000n\000t\000r\000a\000c\000t\000i\000v\000i\000t\000y\000\040\000o\000f\000\040\000t\000h\000e\000\040\000H\000u\000t\000c\000h\000i\000n\000s\000o\000n\000\040\000O\000p\000e\000r\000a\000t\000o\000r}{section.5.3}% 52
\BOOKMARK [1][-]{section.5.4}{\376\377\000E\000x\000i\000s\000t\000e\000n\000c\000e\000\040\000a\000n\000d\000\040\000U\000n\000i\000q\000u\000e\000n\000e\000s\000s\000\040\000o\000f\000\040\000A\000t\000t\000r\000a\000c\000t\000o\000r\000s}{chapter.5}% 53
\BOOKMARK [2][-]{subsection.5.4.1}{\376\377\000T\000h\000e\000\040\000A\000t\000t\000r\000a\000c\000t\000o\000r\000\040\000T\000h\000e\000o\000r\000e\000m}{section.5.4}% 54
\BOOKMARK [2][-]{subsection.5.4.2}{\376\377\000F\000i\000n\000i\000t\000e\000\040\000S\000p\000a\000c\000e\000\040\000S\000i\000m\000p\000l\000i\000f\000i\000c\000a\000t\000i\000o\000n\000s}{section.5.4}% 55
\BOOKMARK [1][-]{section.5.5}{\376\377\000N\000o\000e\000t\000i\000c\000\040\000I\000F\000S\000\040\000a\000n\000d\000\040\000T\000r\000a\000n\000s\000f\000i\000n\000i\000t\000e\000\040\000E\000v\000a\000l\000u\000a\000t\000i\000o\000n}{chapter.5}% 56
\BOOKMARK [2][-]{subsection.5.5.1}{\376\377\000F\000r\000o\000m\000\040\000F\000r\000a\000c\000t\000a\000l\000s\000\040\000t\000o\000\040\000I\000F\000S}{section.5.5}% 57
\BOOKMARK [2][-]{subsection.5.5.2}{\376\377\000C\000o\000m\000p\000o\000s\000i\000t\000i\000o\000n\000\040\000a\000n\000d\000\040\000I\000t\000e\000r\000a\000t\000i\000o\000n}{section.5.5}% 58
\BOOKMARK [1][-]{section.5.6}{\376\377\000A\000t\000t\000r\000a\000c\000t\000o\000r\000\040\000P\000r\000o\000p\000e\000r\000t\000i\000e\000s\000\040\000a\000n\000d\000\040\000S\000e\000l\000f\000-\000S\000i\000m\000i\000l\000a\000r\000i\000t\000y}{chapter.5}% 59
\BOOKMARK [2][-]{subsection.5.6.1}{\376\377\000S\000e\000l\000f\000-\000S\000i\000m\000i\000l\000a\000r\000i\000t\000y\000\040\000S\000t\000r\000u\000c\000t\000u\000r\000e}{section.5.6}% 60
\BOOKMARK [2][-]{subsection.5.6.2}{\376\377\000D\000i\000m\000e\000n\000s\000i\000o\000n\000\040\000o\000f\000\040\000A\000t\000t\000r\000a\000c\000t\000o\000r\000s}{section.5.6}% 61
\BOOKMARK [1][-]{section.5.7}{\376\377\000T\000h\000e\000\040\000C\000o\000l\000l\000a\000g\000e\000\040\000T\000h\000e\000o\000r\000e\000m\000\040\000f\000o\000r\000\040\000T\000K\000S}{chapter.5}% 62
\BOOKMARK [1][-]{section.5.8}{\376\377\000M\000a\000i\000n\000\040\000T\000h\000e\000o\000r\000e\000m\000:\000\040\000N\000o\000e\000t\000i\000c\000\040\000I\000F\000S\000\040\000C\000h\000a\000r\000a\000c\000t\000e\000r\000i\000z\000a\000t\000i\000o\000n}{chapter.5}% 63
\BOOKMARK [0][-]{chapter.6}{\376\377\000F\000r\000a\000c\000t\000a\000l\000\040\000S\000e\000l\000f\000-\000S\000i\000m\000i\000l\000a\000r\000i\000t\000y}{part.2}% 64
\BOOKMARK [1][-]{section.6.1}{\376\377\000E\000x\000a\000c\000t\000\040\000S\000e\000l\000f\000-\000S\000i\000m\000i\000l\000a\000r\000i\000t\000y}{chapter.6}% 65
\BOOKMARK [2][-]{subsection.6.1.1}{\376\377\000D\000e\000f\000i\000n\000i\000t\000i\000o\000n\000s\000\040\000a\000n\000d\000\040\000C\000h\000a\000r\000a\000c\000t\000e\000r\000i\000z\000a\000t\000i\000o\000n\000s}{section.6.1}% 66
\BOOKMARK [2][-]{subsection.6.1.2}{\376\377\000E\000x\000a\000m\000p\000l\000e\000s\000\040\000o\000f\000\040\000E\000x\000a\000c\000t\000\040\000S\000e\000l\000f\000-\000S\000i\000m\000i\000l\000a\000r\000i\000t\000y}{section.6.1}% 67
\BOOKMARK [1][-]{section.6.2}{\376\377\000S\000t\000a\000t\000i\000s\000t\000i\000c\000a\000l\000\040\000S\000e\000l\000f\000-\000S\000i\000m\000i\000l\000a\000r\000i\000t\000y}{chapter.6}% 68
\BOOKMARK [2][-]{subsection.6.2.1}{\376\377\000P\000r\000o\000b\000a\000b\000i\000l\000i\000s\000t\000i\000c\000\040\000I\000F\000S}{section.6.2}% 69
\BOOKMARK [2][-]{subsection.6.2.2}{\376\377\000S\000t\000a\000t\000i\000s\000t\000i\000c\000a\000l\000\040\000S\000e\000l\000f\000-\000S\000i\000m\000i\000l\000a\000r\000i\000t\000y}{section.6.2}% 70
\BOOKMARK [2][-]{subsection.6.2.3}{\376\377\000E\000r\000g\000o\000d\000i\000c\000\040\000T\000h\000e\000o\000r\000y\000\040\000o\000n\000\040\000F\000r\000a\000c\000t\000a\000l\000\040\000S\000p\000a\000c\000e}{section.6.2}% 71
\BOOKMARK [1][-]{section.6.3}{\376\377\000S\000e\000l\000f\000-\000S\000i\000m\000i\000l\000a\000r\000\040\000M\000e\000a\000s\000u\000r\000e\000s}{chapter.6}% 72
\BOOKMARK [2][-]{subsection.6.3.1}{\376\377\000T\000h\000e\000\040\000H\000u\000t\000c\000h\000i\000n\000s\000o\000n\000\040\000M\000e\000a\000s\000u\000r\000e}{section.6.3}% 73
\BOOKMARK [2][-]{subsection.6.3.2}{\376\377\000P\000r\000o\000p\000e\000r\000t\000i\000e\000s\000\040\000o\000f\000\040\000S\000e\000l\000f\000-\000S\000i\000m\000i\000l\000a\000r\000\040\000M\000e\000a\000s\000u\000r\000e\000s}{section.6.3}% 74
\BOOKMARK [2][-]{subsection.6.3.3}{\376\377\000M\000e\000a\000s\000u\000r\000e\000-\000T\000h\000e\000o\000r\000e\000t\000i\000c\000\040\000S\000e\000l\000f\000-\000S\000i\000m\000i\000l\000a\000r\000i\000t\000y}{section.6.3}% 75
\BOOKMARK [1][-]{section.6.4}{\376\377\000L\000a\000c\000u\000n\000a\000r\000i\000t\000y\000\040\000a\000n\000d\000\040\000T\000e\000x\000t\000u\000r\000e}{chapter.6}% 76
\BOOKMARK [2][-]{subsection.6.4.1}{\376\377\000L\000a\000c\000u\000n\000a\000r\000i\000t\000y\000\040\000F\000u\000n\000d\000a\000m\000e\000n\000t\000a\000l\000s}{section.6.4}% 77
\BOOKMARK [2][-]{subsection.6.4.2}{\376\377\000L\000a\000c\000u\000n\000a\000r\000i\000t\000y\000\040\000o\000f\000\040\000S\000e\000l\000f\000-\000S\000i\000m\000i\000l\000a\000r\000\040\000S\000e\000t\000s}{section.6.4}% 78
\BOOKMARK [2][-]{subsection.6.4.3}{\376\377\000T\000e\000x\000t\000u\000r\000e\000\040\000A\000n\000a\000l\000y\000s\000i\000s}{section.6.4}% 79
\BOOKMARK [2][-]{subsection.6.4.4}{\376\377\000M\000a\000i\000n\000\040\000T\000h\000e\000o\000r\000e\000m\000:\000\040\000L\000a\000c\000u\000n\000a\000r\000i\000t\000y\000-\000N\000o\000e\000t\000i\000c\000\040\000C\000o\000r\000r\000e\000s\000p\000o\000n\000d\000e\000n\000c\000e}{section.6.4}% 80
\BOOKMARK [1][-]{section.6.5}{\376\377\000C\000h\000a\000p\000t\000e\000r\000\040\000S\000u\000m\000m\000a\000r\000y\000\040\000a\000n\000d\000\040\000C\000o\000n\000n\000e\000c\000t\000i\000o\000n\000s}{chapter.6}% 81
\BOOKMARK [0][-]{chapter.7}{\376\377\000C\000o\000n\000v\000e\000r\000g\000e\000n\000c\000e\000\040\000a\000n\000d\000\040\000S\000t\000a\000b\000i\000l\000i\000t\000y\000\040\000o\000f\000\040\000T\000r\000a\000n\000s\000f\000i\000n\000i\000t\000e\000\040\000F\000r\000a\000c\000t\000a\000l\000s}{part.2}% 82
\BOOKMARK [1][-]{section.7.1}{\376\377\000O\000r\000d\000i\000n\000a\000l\000\040\000C\000o\000n\000v\000e\000r\000g\000e\000n\000c\000e}{chapter.7}% 83
\BOOKMARK [2][-]{subsection.7.1.1}{\376\377\000T\000r\000a\000n\000s\000f\000i\000n\000i\000t\000e\000\040\000S\000e\000q\000u\000e\000n\000c\000e\000s\000\040\000a\000n\000d\000\040\000T\000h\000e\000i\000r\000\040\000L\000i\000m\000i\000t\000s}{section.7.1}% 84
\BOOKMARK [2][-]{subsection.7.1.2}{\376\377\000R\000a\000t\000e\000\040\000o\000f\000\040\000C\000o\000n\000v\000e\000r\000g\000e\000n\000c\000e}{section.7.1}% 85
\BOOKMARK [2][-]{subsection.7.1.3}{\376\377\000C\000o\000n\000v\000e\000r\000g\000e\000n\000c\000e\000\040\000a\000t\000\040\000L\000i\000m\000i\000t\000\040\000O\000r\000d\000i\000n\000a\000l\000s}{section.7.1}% 86
\BOOKMARK [1][-]{section.7.2}{\376\377\000S\000t\000a\000b\000i\000l\000i\000t\000y\000\040\000o\000f\000\040\000A\000t\000t\000r\000a\000c\000t\000o\000r\000s}{chapter.7}% 87
\BOOKMARK [2][-]{subsection.7.2.1}{\376\377\000T\000h\000e\000\040\000A\000t\000t\000r\000a\000c\000t\000o\000r\000\040\000M\000a\000p}{section.7.2}% 88
\BOOKMARK [2][-]{subsection.7.2.2}{\376\377\000P\000e\000r\000t\000u\000r\000b\000a\000t\000i\000o\000n\000\040\000o\000f\000\040\000N\000o\000e\000t\000i\000c\000\040\000S\000e\000q\000u\000e\000n\000c\000e\000s}{section.7.2}% 89
\BOOKMARK [2][-]{subsection.7.2.3}{\376\377\000S\000e\000n\000s\000i\000t\000i\000v\000i\000t\000y\000\040\000A\000n\000a\000l\000y\000s\000i\000s}{section.7.2}% 90
\BOOKMARK [1][-]{section.7.3}{\376\377\000B\000a\000s\000i\000n\000\040\000o\000f\000\040\000A\000t\000t\000r\000a\000c\000t\000i\000o\000n}{chapter.7}% 91
\BOOKMARK [2][-]{subsection.7.3.1}{\376\377\000B\000a\000s\000i\000n\000\040\000S\000t\000r\000u\000c\000t\000u\000r\000e}{section.7.3}% 92
\BOOKMARK [1][-]{section.7.4}{\376\377\000O\000m\000e\000g\000a\000-\000L\000i\000m\000i\000t\000\040\000S\000e\000t\000s}{chapter.7}% 93
\BOOKMARK [2][-]{subsection.7.4.1}{\376\377\000D\000e\000f\000i\000n\000i\000t\000i\000o\000n\000\040\000a\000n\000d\000\040\000B\000a\000s\000i\000c\000\040\000P\000r\000o\000p\000e\000r\000t\000i\000e\000s}{section.7.4}% 94
\BOOKMARK [2][-]{subsection.7.4.2}{\376\377\000P\000e\000r\000i\000o\000d\000i\000c\000\040\000O\000r\000b\000i\000t\000s}{section.7.4}% 95
\BOOKMARK [1][-]{section.7.5}{\376\377\000L\000y\000a\000p\000u\000n\000o\000v\000\040\000E\000x\000p\000o\000n\000e\000n\000t\000s\000\040\000f\000o\000r\000\040\000N\000o\000e\000t\000i\000c\000\040\000F\000r\000a\000c\000t\000a\000l\000s}{chapter.7}% 96
\BOOKMARK [2][-]{subsection.7.5.1}{\376\377\000L\000y\000a\000p\000u\000n\000o\000v\000\040\000E\000x\000p\000o\000n\000e\000n\000t\000\040\000D\000e\000f\000i\000n\000i\000t\000i\000o\000n}{section.7.5}% 97
\BOOKMARK [2][-]{subsection.7.5.2}{\376\377\000I\000n\000t\000e\000r\000p\000r\000e\000t\000a\000t\000i\000o\000n\000\040\000a\000n\000d\000\040\000C\000l\000a\000s\000s\000i\000f\000i\000c\000a\000t\000i\000o\000n}{section.7.5}% 98
\BOOKMARK [2][-]{subsection.7.5.3}{\376\377\000L\000y\000a\000p\000u\000n\000o\000v\000\040\000S\000p\000e\000c\000t\000r\000u\000m}{section.7.5}% 99
\BOOKMARK [1][-]{section.7.6}{\376\377\000S\000t\000a\000b\000i\000l\000i\000z\000a\000t\000i\000o\000n\000\040\000T\000h\000e\000o\000r\000e\000m\000s}{chapter.7}% 100
\BOOKMARK [2][-]{subsection.7.6.1}{\376\377\000F\000i\000n\000i\000t\000e\000\040\000S\000t\000a\000b\000i\000l\000i\000z\000a\000t\000i\000o\000n}{section.7.6}% 101
\BOOKMARK [2][-]{subsection.7.6.2}{\376\377\000S\000t\000a\000b\000i\000l\000i\000z\000a\000t\000i\000o\000n\000\040\000O\000r\000d\000i\000n\000a\000l\000\040\000B\000o\000u\000n\000d\000s}{section.7.6}% 102
\BOOKMARK [2][-]{subsection.7.6.3}{\376\377\000C\000o\000n\000n\000e\000c\000t\000i\000o\000n\000\040\000t\000o\000\040\000v\0007\000.\0002\000\040\000R\000e\000s\000u\000l\000t\000s}{section.7.6}% 103
\BOOKMARK [1][-]{section.7.7}{\376\377\000C\000h\000a\000p\000t\000e\000r\000\040\000S\000u\000m\000m\000a\000r\000y\000\040\000a\000n\000d\000\040\000C\000o\000n\000n\000e\000c\000t\000i\000o\000n\000s}{chapter.7}% 104
\BOOKMARK [0][-]{chapter.8}{\376\377\000E\000x\000t\000e\000n\000d\000e\000d\000\040\000F\000r\000a\000c\000t\000a\000l\000\040\000C\000a\000l\000c\000u\000l\000u\000s}{part.2}% 105
\BOOKMARK [1][-]{section.8.1}{\376\377\000F\000r\000a\000c\000t\000a\000l\000\040\000D\000e\000r\000i\000v\000a\000t\000i\000v\000e\000s}{chapter.8}% 106
\BOOKMARK [2][-]{subsection.8.1.1}{\376\377\000T\000h\000e\000\040\000F\000r\000a\000c\000t\000a\000l\000\040\000D\000e\000r\000i\000v\000a\000t\000i\000v\000e\000\040\000o\000n\000\040\000I\000d\000e\000a\000\040\000S\000p\000a\000c\000e}{section.8.1}% 107
\BOOKMARK [2][-]{subsection.8.1.2}{\376\377\000G\000l\000o\000b\000a\000l\000\040\000F\000r\000a\000c\000t\000a\000l\000\040\000D\000e\000r\000i\000v\000a\000t\000i\000v\000e\000\040\000O\000p\000e\000r\000a\000t\000o\000r\000s}{section.8.1}% 108
\BOOKMARK [2][-]{subsection.8.1.3}{\376\377\000N\000o\000e\000t\000i\000c\000\040\000D\000e\000r\000i\000v\000a\000t\000i\000v\000e\000\040\000O\000p\000e\000r\000a\000t\000o\000r\000s}{section.8.1}% 109
\BOOKMARK [1][-]{section.8.2}{\376\377\000F\000r\000a\000c\000t\000a\000l\000\040\000I\000n\000t\000e\000g\000r\000a\000l\000s}{chapter.8}% 110
\BOOKMARK [2][-]{subsection.8.2.1}{\376\377\000H\000a\000u\000s\000d\000o\000r\000f\000f\000\040\000M\000e\000a\000s\000u\000r\000e\000\040\000I\000n\000t\000e\000g\000r\000a\000t\000i\000o\000n}{section.8.2}% 111
\BOOKMARK [2][-]{subsection.8.2.2}{\376\377\000I\000n\000t\000e\000g\000r\000a\000t\000i\000o\000n\000\040\000o\000v\000e\000r\000\040\000A\000t\000t\000r\000a\000c\000t\000o\000r\000\040\000S\000e\000t\000s}{section.8.2}% 112
\BOOKMARK [2][-]{subsection.8.2.3}{\376\377\000F\000r\000a\000c\000t\000a\000l\000\040\000F\000u\000b\000i\000n\000i\000\040\000T\000h\000e\000o\000r\000e\000m}{section.8.2}% 113
\BOOKMARK [2][-]{subsection.8.2.4}{\376\377\000F\000r\000a\000c\000t\000a\000l\000\040\000P\000a\000t\000h\000\040\000I\000n\000t\000e\000g\000r\000a\000l\000s}{section.8.2}% 114
\BOOKMARK [1][-]{section.8.3}{\376\377\000F\000r\000a\000c\000t\000a\000l\000\040\000D\000i\000f\000f\000e\000r\000e\000n\000t\000i\000a\000l\000\040\000E\000q\000u\000a\000t\000i\000o\000n\000s}{chapter.8}% 115
\BOOKMARK [2][-]{subsection.8.3.1}{\376\377\000F\000r\000a\000c\000t\000a\000l\000\040\000O\000D\000E\000s\000\040\000o\000n\000\040\000I\000d\000e\000a\000\040\000T\000r\000a\000j\000e\000c\000t\000o\000r\000i\000e\000s}{section.8.3}% 116
\BOOKMARK [2][-]{subsection.8.3.2}{\376\377\000E\000x\000i\000s\000t\000e\000n\000c\000e\000\040\000a\000n\000d\000\040\000U\000n\000i\000q\000u\000e\000n\000e\000s\000s}{section.8.3}% 117
\BOOKMARK [2][-]{subsection.8.3.3}{\376\377\000C\000o\000n\000n\000e\000c\000t\000i\000o\000n\000\040\000t\000o\000\040\000T\000r\000a\000n\000s\000f\000i\000n\000i\000t\000e\000\040\000I\000t\000e\000r\000a\000t\000i\000o\000n}{section.8.3}% 118
\BOOKMARK [1][-]{section.8.4}{\376\377\000F\000r\000a\000c\000t\000a\000l\000\040\000L\000a\000p\000l\000a\000c\000i\000a\000n}{chapter.8}% 119
\BOOKMARK [2][-]{subsection.8.4.1}{\376\377\000D\000e\000f\000i\000n\000i\000t\000i\000o\000n\000\040\000o\000f\000\040\000t\000h\000e\000\040\000F\000r\000a\000c\000t\000a\000l\000\040\000L\000a\000p\000l\000a\000c\000i\000a\000n}{section.8.4}% 120
\BOOKMARK [2][-]{subsection.8.4.2}{\376\377\000S\000p\000e\000c\000t\000r\000a\000l\000\040\000P\000r\000o\000p\000e\000r\000t\000i\000e\000s}{section.8.4}% 121
\BOOKMARK [2][-]{subsection.8.4.3}{\376\377\000H\000e\000a\000t\000\040\000K\000e\000r\000n\000e\000l\000\040\000o\000n\000\040\000F\000r\000a\000c\000t\000a\000l\000\040\000D\000o\000m\000a\000i\000n\000s}{section.8.4}% 122
\BOOKMARK [2][-]{subsection.8.4.4}{\376\377\000C\000o\000n\000n\000e\000c\000t\000i\000o\000n\000\040\000t\000o\000\040\000N\000o\000e\000t\000i\000c\000\040\000D\000y\000n\000a\000m\000i\000c\000s}{section.8.4}% 123
\BOOKMARK [1][-]{section.8.5}{\376\377\000C\000h\000a\000p\000t\000e\000r\000\040\000S\000u\000m\000m\000a\000r\000y\000\040\000a\000n\000d\000\040\000C\000o\000n\000n\000e\000c\000t\000i\000o\000n\000s}{chapter.8}% 124
\BOOKMARK [0][-]{chapter.9}{\376\377\000T\000r\000a\000n\000s\000f\000i\000n\000i\000t\000e\000\040\000F\000r\000a\000c\000t\000a\000l\000s\000\040\000a\000n\000d\000\040\000R\000P\000M\000\040\000D\000y\000n\000a\000m\000i\000c\000s}{part.2}% 125
\BOOKMARK [1][-]{section.9.1}{\376\377\000R\000P\000M\000\040\000C\000h\000a\000i\000n\000s\000\040\000a\000s\000\040\000T\000r\000a\000n\000s\000f\000i\000n\000i\000t\000e\000\040\000F\000r\000a\000c\000t\000a\000l\000s}{chapter.9}% 126
\BOOKMARK [2][-]{subsection.9.1.1}{\376\377\000T\000h\000e\000\040\000R\000P\000M\000-\000F\000r\000a\000c\000t\000a\000l\000\040\000C\000o\000r\000r\000e\000s\000p\000o\000n\000d\000e\000n\000c\000e}{section.9.1}% 127
\BOOKMARK [2][-]{subsection.9.1.2}{\376\377\000R\000P\000M\000\040\000D\000y\000n\000a\000m\000i\000c\000s\000\040\000a\000s\000\040\000F\000r\000a\000c\000t\000a\000l\000\040\000I\000t\000e\000r\000a\000t\000i\000o\000n}{section.9.1}% 128
\BOOKMARK [1][-]{section.9.2}{\376\377\000A\000t\000t\000r\000a\000c\000t\000o\000r\000\040\000S\000e\000m\000a\000n\000t\000i\000c\000s\000\040\000f\000o\000r\000\040\000G\000o\000a\000l\000s}{chapter.9}% 129
\BOOKMARK [2][-]{subsection.9.2.1}{\376\377\000G\000o\000a\000l\000s\000\040\000a\000s\000\040\000F\000i\000x\000e\000d\000\040\000P\000o\000i\000n\000t\000s}{section.9.2}% 130
\BOOKMARK [2][-]{subsection.9.2.2}{\376\377\000B\000a\000s\000i\000n\000\040\000o\000f\000\040\000A\000t\000t\000r\000a\000c\000t\000i\000o\000n}{section.9.2}% 131
\BOOKMARK [2][-]{subsection.9.2.3}{\376\377\000M\000u\000l\000t\000i\000-\000G\000o\000a\000l\000\040\000D\000y\000n\000a\000m\000i\000c\000s}{section.9.2}% 132
\BOOKMARK [1][-]{section.9.3}{\376\377\000F\000r\000a\000c\000t\000a\000l\000\040\000C\000o\000m\000p\000l\000e\000x\000i\000t\000y\000\040\000o\000f\000\040\000A\000c\000q\000u\000i\000s\000i\000t\000i\000o\000n\000s}{chapter.9}% 133
\BOOKMARK [2][-]{subsection.9.3.1}{\376\377\000A\000c\000q\000u\000i\000s\000i\000t\000i\000o\000n\000\040\000P\000a\000t\000h\000\040\000D\000i\000m\000e\000n\000s\000i\000o\000n}{section.9.3}% 134
\BOOKMARK [2][-]{subsection.9.3.2}{\376\377\000E\000n\000t\000r\000o\000p\000y\000\040\000o\000f\000\040\000R\000P\000M\000\040\000S\000e\000q\000u\000e\000n\000c\000e\000s}{section.9.3}% 135
\BOOKMARK [2][-]{subsection.9.3.3}{\376\377\000O\000p\000t\000i\000m\000a\000l\000\040\000P\000a\000t\000h\000\040\000C\000h\000a\000r\000a\000c\000t\000e\000r\000i\000z\000a\000t\000i\000o\000n}{section.9.3}% 136
\BOOKMARK [1][-]{section.9.4}{\376\377\000T\000r\000a\000n\000s\000f\000i\000n\000i\000t\000e\000\040\000R\000P\000M\000\040\000a\000n\000d\000\040\000t\000h\000e\000\040\000U\000n\000i\000f\000i\000e\000d\000\040\000S\000e\000m\000a\000n\000t\000i\000c\000\040\000T\000h\000e\000o\000r\000e\000m}{chapter.9}% 137
\BOOKMARK [2][-]{subsection.9.4.1}{\376\377\000T\000r\000a\000n\000s\000f\000i\000n\000i\000t\000e\000\040\000R\000P\000M\000\040\000E\000x\000t\000e\000n\000s\000i\000o\000n}{section.9.4}% 138
\BOOKMARK [2][-]{subsection.9.4.2}{\376\377\000T\000h\000e\000\040\000U\000n\000i\000f\000i\000e\000d\000\040\000S\000e\000m\000a\000n\000t\000i\000c\000\040\000T\000h\000e\000o\000r\000e\000m}{section.9.4}% 139
\BOOKMARK [1][-]{section.9.5}{\376\377\000C\000h\000a\000p\000t\000e\000r\000\040\000S\000u\000m\000m\000a\000r\000y\000\040\000a\000n\000d\000\040\000v\0007\000.\0003\000\040\000M\000a\000t\000h\000\040\000T\000r\000a\000c\000k\000\040\000H\000a\000n\000d\000o\000f\000f}{chapter.9}% 140
\BOOKMARK [2][-]{subsection.9.5.1}{\376\377\000K\000e\000y\000\040\000T\000h\000e\000o\000r\000e\000m\000s\000\040\000o\000f\000\040\000v\0007\000.\0003\000\040\000M\000a\000t\000h\000\040\000T\000r\000a\000c\000k}{section.9.5}% 141
\BOOKMARK [2][-]{subsection.9.5.2}{\376\377\000O\000p\000e\000n\000\040\000P\000r\000o\000b\000l\000e\000m\000s\000\040\000f\000o\000r\000\040\000F\000u\000t\000u\000r\000e\000\040\000W\000o\000r\000k}{section.9.5}% 142
\BOOKMARK [2][-]{subsection.9.5.3}{\376\377\000H\000a\000n\000d\000o\000f\000f\000\040\000N\000o\000t\000e\000s\000\040\000f\000o\000r\000\040\000C\000o\000n\000t\000i\000n\000u\000a\000t\000i\000o\000n}{section.9.5}% 143
\BOOKMARK [-1][-]{part.3}{\376\377\000I\000I\000I\000\040\000E\000x\000t\000e\000n\000d\000e\000d\000\040\000T\000K\000S\000\040\000L\000a\000n\000g\000u\000a\000g\000e\000\040\000a\000n\000d\000\040\000V\000i\000r\000t\000u\000a\000l\000\040\000M\000a\000c\000h\000i\000n\000e\000\040\000\050\000v\0007\000.\0003\000\051}{}% 144
\BOOKMARK [0][-]{chapter.10}{\376\377\000E\000x\000t\000e\000n\000d\000e\000d\000\040\000T\000K\000S\000\040\000L\000a\000n\000g\000u\000a\000g\000e\000\040\000S\000p\000e\000c\000i\000f\000i\000c\000a\000t\000i\000o\000n}{part.3}% 145
\BOOKMARK [1][-]{section.10.1}{\376\377\000R\000e\000v\000i\000e\000w\000:\000\040\000v\0007\000.\0002\000\040\000L\000a\000n\000g\000u\000a\000g\000e\000\040\000C\000o\000r\000e}{chapter.10}% 146
\BOOKMARK [1][-]{section.10.2}{\376\377\000E\000x\000t\000e\000n\000d\000e\000d\000\040\000L\000e\000x\000i\000c\000a\000l\000\040\000S\000t\000r\000u\000c\000t\000u\000r\000e}{chapter.10}% 147
\BOOKMARK [2][-]{subsection.10.2.1}{\376\377\000N\000e\000w\000\040\000K\000e\000y\000w\000o\000r\000d\000s}{section.10.2}% 148
\BOOKMARK [2][-]{subsection.10.2.2}{\376\377\000E\000x\000t\000e\000n\000d\000e\000d\000\040\000T\000o\000k\000e\000n\000\040\000S\000e\000t}{section.10.2}% 149
\BOOKMARK [1][-]{section.10.3}{\376\377\000E\000x\000t\000e\000n\000d\000e\000d\000\040\000G\000r\000a\000m\000m\000a\000r}{chapter.10}% 150
\BOOKMARK [2][-]{subsection.10.3.1}{\376\377\000T\000o\000p\000-\000L\000e\000v\000e\000l\000\040\000D\000e\000c\000l\000a\000r\000a\000t\000i\000o\000n\000s}{section.10.3}% 151
\BOOKMARK [2][-]{subsection.10.3.2}{\376\377\000E\000x\000p\000r\000e\000s\000s\000i\000o\000n\000\040\000E\000x\000t\000e\000n\000s\000i\000o\000n\000s}{section.10.3}% 152
\BOOKMARK [1][-]{section.10.4}{\376\377\000T\000r\000a\000n\000s\000f\000i\000n\000i\000t\000e\000\040\000E\000x\000p\000r\000e\000s\000s\000i\000o\000n\000\040\000S\000y\000n\000t\000a\000x}{chapter.10}% 153
\BOOKMARK [2][-]{subsection.10.4.1}{\376\377\000T\000r\000a\000n\000s\000f\000i\000n\000i\000t\000e\000\040\000F\000r\000a\000c\000t\000a\000l\000\040\000L\000i\000t\000e\000r\000a\000l\000s}{section.10.4}% 154
\BOOKMARK [2][-]{subsection.10.4.2}{\376\377\000T\000r\000a\000n\000s\000f\000i\000n\000i\000t\000e\000\040\000L\000o\000o\000p\000\040\000S\000y\000n\000t\000a\000x}{section.10.4}% 155
\BOOKMARK [1][-]{section.10.5}{\376\377\000E\000f\000f\000e\000c\000t\000\040\000D\000e\000c\000l\000a\000r\000a\000t\000i\000o\000n\000\040\000S\000y\000n\000t\000a\000x}{chapter.10}% 156
\BOOKMARK [2][-]{subsection.10.5.1}{\376\377\000E\000f\000f\000e\000c\000t\000\040\000D\000e\000c\000l\000a\000r\000a\000t\000i\000o\000n\000s}{section.10.5}% 157
\BOOKMARK [1][-]{section.10.6}{\376\377\000H\000a\000n\000d\000l\000e\000r\000\040\000S\000y\000n\000t\000a\000x}{chapter.10}% 158
\BOOKMARK [2][-]{subsection.10.6.1}{\376\377\000H\000a\000n\000d\000l\000e\000r\000\040\000E\000x\000p\000r\000e\000s\000s\000i\000o\000n\000s}{section.10.6}% 159
\BOOKMARK [2][-]{subsection.10.6.2}{\376\377\000Q\000u\000a\000n\000t\000u\000m\000\040\000O\000p\000e\000r\000a\000t\000i\000o\000n\000\040\000S\000y\000n\000t\000a\000x}{section.10.6}% 160
\BOOKMARK [1][-]{section.10.7}{\376\377\000S\000u\000m\000m\000a\000r\000y\000:\000\040\000v\0007\000.\0003\000\040\000S\000y\000n\000t\000a\000x\000\040\000E\000x\000t\000e\000n\000s\000i\000o\000n\000s}{chapter.10}% 161
\BOOKMARK [0][-]{chapter.11}{\376\377\000E\000x\000t\000e\000n\000d\000e\000d\000\040\000T\000y\000p\000e\000\040\000S\000y\000s\000t\000e\000m}{part.3}% 162
\BOOKMARK [1][-]{section.11.1}{\376\377\000R\000e\000v\000i\000e\000w\000:\000\040\000v\0007\000.\0002\000\040\000T\000y\000p\000e\000\040\000S\000y\000s\000t\000e\000m\000\040\000C\000o\000r\000e}{chapter.11}% 163
\BOOKMARK [1][-]{section.11.2}{\376\377\000E\000f\000f\000e\000c\000t\000\040\000T\000y\000p\000e\000s}{chapter.11}% 164
\BOOKMARK [2][-]{subsection.11.2.1}{\376\377\000E\000f\000f\000e\000c\000t\000\040\000T\000y\000p\000e\000\040\000S\000y\000n\000t\000a\000x}{section.11.2}% 165
\BOOKMARK [1][-]{section.11.3}{\376\377\000R\000o\000w\000\040\000P\000o\000l\000y\000m\000o\000r\000p\000h\000i\000s\000m\000\040\000f\000o\000r\000\040\000E\000f\000f\000e\000c\000t\000s}{chapter.11}% 166
\BOOKMARK [2][-]{subsection.11.3.1}{\376\377\000R\000o\000w\000\040\000V\000a\000r\000i\000a\000b\000l\000e\000s\000\040\000a\000n\000d\000\040\000Q\000u\000a\000n\000t\000i\000f\000i\000c\000a\000t\000i\000o\000n}{section.11.3}% 167
\BOOKMARK [2][-]{subsection.11.3.2}{\376\377\000R\000o\000w\000\040\000U\000n\000i\000f\000i\000c\000a\000t\000i\000o\000n}{section.11.3}% 168
\BOOKMARK [1][-]{section.11.4}{\376\377\000O\000r\000d\000i\000n\000a\000l\000-\000I\000n\000d\000e\000x\000e\000d\000\040\000T\000y\000p\000e\000s}{chapter.11}% 169
\BOOKMARK [2][-]{subsection.11.4.1}{\376\377\000O\000r\000d\000i\000n\000a\000l\000\040\000T\000y\000p\000e\000\040\000I\000n\000d\000i\000c\000e\000s}{section.11.4}% 170
\BOOKMARK [2][-]{subsection.11.4.2}{\376\377\000B\000o\000u\000n\000d\000e\000d\000\040\000O\000r\000d\000i\000n\000a\000l\000\040\000Q\000u\000a\000n\000t\000i\000f\000i\000c\000a\000t\000i\000o\000n}{section.11.4}% 171
\BOOKMARK [1][-]{section.11.5}{\376\377\000W\000o\000r\000l\000d\000-\000S\000t\000r\000a\000t\000i\000f\000i\000e\000d\000\040\000T\000y\000p\000e\000s}{chapter.11}% 172
\BOOKMARK [2][-]{subsection.11.5.1}{\376\377\000W\000o\000r\000l\000d\000-\000P\000a\000r\000a\000m\000e\000t\000e\000r\000i\000z\000e\000d\000\040\000T\000y\000p\000e\000s}{section.11.5}% 173
\BOOKMARK [2][-]{subsection.11.5.2}{\376\377\000A\000C\000B\000E\000-\000R\000e\000s\000p\000e\000c\000t\000i\000n\000g\000\040\000T\000y\000p\000e\000\040\000C\000o\000e\000r\000c\000i\000o\000n\000s}{section.11.5}% 174
\BOOKMARK [1][-]{section.11.6}{\376\377\000S\000u\000b\000t\000y\000p\000i\000n\000g\000\040\000f\000o\000r\000\040\000E\000f\000f\000e\000c\000t\000s}{chapter.11}% 175
\BOOKMARK [2][-]{subsection.11.6.1}{\376\377\000E\000f\000f\000e\000c\000t\000\040\000R\000o\000w\000\040\000S\000u\000b\000t\000y\000p\000i\000n\000g}{section.11.6}% 176
\BOOKMARK [2][-]{subsection.11.6.2}{\376\377\000T\000y\000p\000e\000\040\000S\000u\000b\000t\000y\000p\000i\000n\000g\000\040\000w\000i\000t\000h\000\040\000E\000f\000f\000e\000c\000t\000s}{section.11.6}% 177
\BOOKMARK [1][-]{section.11.7}{\376\377\000T\000y\000p\000i\000n\000g\000\040\000R\000u\000l\000e\000s\000\040\000f\000o\000r\000\040\000v\0007\000.\0003\000\040\000C\000o\000n\000s\000t\000r\000u\000c\000t\000s}{chapter.11}% 178
\BOOKMARK [2][-]{subsection.11.7.1}{\376\377\000E\000f\000f\000e\000c\000t\000\040\000O\000p\000e\000r\000a\000t\000i\000o\000n\000\040\000T\000y\000p\000i\000n\000g}{section.11.7}% 179
\BOOKMARK [2][-]{subsection.11.7.2}{\376\377\000H\000a\000n\000d\000l\000e\000r\000\040\000T\000y\000p\000i\000n\000g}{section.11.7}% 180
\BOOKMARK [2][-]{subsection.11.7.3}{\376\377\000T\000r\000a\000n\000s\000f\000i\000n\000i\000t\000e\000\040\000F\000r\000a\000c\000t\000a\000l\000\040\000T\000y\000p\000i\000n\000g}{section.11.7}% 181
\BOOKMARK [2][-]{subsection.11.7.4}{\376\377\000Q\000u\000a\000n\000t\000u\000m\000\040\000O\000p\000e\000r\000a\000t\000i\000o\000n\000\040\000T\000y\000p\000i\000n\000g}{section.11.7}% 182
\BOOKMARK [1][-]{section.11.8}{\376\377\000E\000x\000t\000e\000n\000d\000e\000d\000\040\000A\000l\000g\000o\000r\000i\000t\000h\000m\000\040\000W}{chapter.11}% 183
\BOOKMARK [2][-]{subsection.11.8.1}{\376\377\000E\000x\000t\000e\000n\000d\000e\000d\000\040\000T\000y\000p\000e\000\040\000I\000n\000f\000e\000r\000e\000n\000c\000e\000\040\000S\000t\000a\000t\000e}{section.11.8}% 184
\BOOKMARK [2][-]{subsection.11.8.2}{\376\377\000P\000r\000i\000n\000c\000i\000p\000a\000l\000\040\000T\000y\000p\000e\000s\000\040\000w\000i\000t\000h\000\040\000E\000f\000f\000e\000c\000t\000s}{section.11.8}% 185
\BOOKMARK [1][-]{section.11.9}{\376\377\000T\000y\000p\000e\000\040\000S\000o\000u\000n\000d\000n\000e\000s\000s}{chapter.11}% 186
\BOOKMARK [0][-]{chapter.12}{\376\377\000A\000l\000g\000e\000b\000r\000a\000i\000c\000\040\000E\000f\000f\000e\000c\000t\000\040\000H\000a\000n\000d\000l\000e\000r\000s}{part.3}% 187
\BOOKMARK [1][-]{section.12.1}{\376\377\000E\000f\000f\000e\000c\000t\000\040\000H\000a\000n\000d\000l\000e\000r\000\040\000T\000h\000e\000o\000r\000y}{chapter.12}% 188
\BOOKMARK [2][-]{subsection.12.1.1}{\376\377\000A\000l\000g\000e\000b\000r\000a\000i\000c\000\040\000E\000f\000f\000e\000c\000t\000s\000\040\000a\000n\000d\000\040\000O\000p\000e\000r\000a\000t\000i\000o\000n\000s}{section.12.1}% 189
\BOOKMARK [2][-]{subsection.12.1.2}{\376\377\000F\000r\000e\000e\000\040\000M\000o\000n\000a\000d\000\040\000I\000n\000t\000e\000r\000p\000r\000e\000t\000a\000t\000i\000o\000n}{section.12.1}% 190
\BOOKMARK [2][-]{subsection.12.1.3}{\376\377\000D\000e\000l\000i\000m\000i\000t\000e\000d\000\040\000C\000o\000n\000t\000i\000n\000u\000a\000t\000i\000o\000n\000s}{section.12.1}% 191
\BOOKMARK [2][-]{subsection.12.1.4}{\376\377\000H\000a\000n\000d\000l\000e\000r\000\040\000S\000y\000n\000t\000a\000x\000\040\000a\000n\000d\000\040\000S\000t\000r\000u\000c\000t\000u\000r\000e}{section.12.1}% 192
\BOOKMARK [1][-]{section.12.2}{\376\377\000R\000P\000M\000\040\000E\000f\000f\000e\000c\000t\000\040\000H\000a\000n\000d\000l\000e\000r\000s}{chapter.12}% 193
\BOOKMARK [2][-]{subsection.12.2.1}{\376\377\000R\000P\000M\000\040\000E\000f\000f\000e\000c\000t\000\040\000O\000p\000e\000r\000a\000t\000i\000o\000n\000s}{section.12.2}% 194
\BOOKMARK [2][-]{subsection.12.2.2}{\376\377\000R\000P\000M\000\040\000H\000a\000n\000d\000l\000e\000r\000\040\000D\000e\000f\000i\000n\000i\000t\000i\000o\000n}{section.12.2}% 195
\BOOKMARK [2][-]{subsection.12.2.3}{\376\377\000C\000o\000n\000n\000e\000c\000t\000i\000o\000n\000\040\000t\000o\000\040\000v\0007\000.\0002\000\040\000R\000P\000M\000\040\000M\000o\000n\000a\000d}{section.12.2}% 196
\BOOKMARK [2][-]{subsection.12.2.4}{\376\377\000D\000e\000e\000p\000\040\000v\000s\000\040\000S\000h\000a\000l\000l\000o\000w\000\040\000R\000P\000M\000\040\000H\000a\000n\000d\000l\000e\000r\000s}{section.12.2}% 197
\BOOKMARK [1][-]{section.12.3}{\376\377\000Q\000u\000a\000n\000t\000u\000m\000\040\000E\000f\000f\000e\000c\000t\000\040\000H\000a\000n\000d\000l\000e\000r\000s}{chapter.12}% 198
\BOOKMARK [2][-]{subsection.12.3.1}{\376\377\000Q\000u\000a\000n\000t\000u\000m\000\040\000E\000f\000f\000e\000c\000t\000\040\000O\000p\000e\000r\000a\000t\000i\000o\000n\000s}{section.12.3}% 199
\BOOKMARK [2][-]{subsection.12.3.2}{\376\377\000Q\000u\000a\000n\000t\000u\000m\000\040\000H\000a\000n\000d\000l\000e\000r\000\040\000D\000e\000f\000i\000n\000i\000t\000i\000o\000n}{section.12.3}% 200
\BOOKMARK [2][-]{subsection.12.3.3}{\376\377\000M\000e\000a\000s\000u\000r\000e\000m\000e\000n\000t\000\040\000a\000n\000d\000\040\000C\000o\000l\000l\000a\000p\000s\000e}{section.12.3}% 201
\BOOKMARK [2][-]{subsection.12.3.4}{\376\377\000E\000n\000t\000a\000n\000g\000l\000e\000m\000e\000n\000t\000\040\000H\000a\000n\000d\000l\000i\000n\000g}{section.12.3}% 202
\BOOKMARK [1][-]{section.12.4}{\376\377\000H\000a\000n\000d\000l\000e\000r\000\040\000C\000o\000m\000p\000o\000s\000i\000t\000i\000o\000n}{chapter.12}% 203
\BOOKMARK [2][-]{subsection.12.4.1}{\376\377\000H\000a\000n\000d\000l\000e\000r\000\040\000N\000e\000s\000t\000i\000n\000g}{section.12.4}% 204
\BOOKMARK [2][-]{subsection.12.4.2}{\376\377\000E\000f\000f\000e\000c\000t\000\040\000C\000o\000m\000m\000u\000t\000a\000t\000i\000v\000i\000t\000y}{section.12.4}% 205
\BOOKMARK [2][-]{subsection.12.4.3}{\376\377\000H\000a\000n\000d\000l\000e\000r\000\040\000C\000o\000m\000b\000i\000n\000a\000t\000o\000r\000s}{section.12.4}% 206
\BOOKMARK [1][-]{section.12.5}{\376\377\000O\000p\000e\000r\000a\000t\000i\000o\000n\000a\000l\000\040\000S\000e\000m\000a\000n\000t\000i\000c\000s\000\040\000o\000f\000\040\000H\000a\000n\000d\000l\000e\000r\000s}{chapter.12}% 207
\BOOKMARK [2][-]{subsection.12.5.1}{\376\377\000V\000a\000l\000u\000e\000s\000\040\000a\000n\000d\000\040\000E\000v\000a\000l\000u\000a\000t\000i\000o\000n\000\040\000C\000o\000n\000t\000e\000x\000t\000s}{section.12.5}% 208
\BOOKMARK [2][-]{subsection.12.5.2}{\376\377\000S\000m\000a\000l\000l\000-\000S\000t\000e\000p\000\040\000R\000e\000d\000u\000c\000t\000i\000o\000n\000\040\000R\000u\000l\000e\000s}{section.12.5}% 209
\BOOKMARK [2][-]{subsection.12.5.3}{\376\377\000R\000P\000M\000\040\000H\000a\000n\000d\000l\000e\000r\000\040\000R\000e\000d\000u\000c\000t\000i\000o\000n\000\040\000E\000x\000a\000m\000p\000l\000e\000s}{section.12.5}% 210
\BOOKMARK [2][-]{subsection.12.5.4}{\376\377\000Q\000u\000a\000n\000t\000u\000m\000\040\000H\000a\000n\000d\000l\000e\000r\000\040\000R\000e\000d\000u\000c\000t\000i\000o\000n}{section.12.5}% 211
\BOOKMARK [1][-]{section.12.6}{\376\377\000T\000y\000p\000e\000\040\000S\000o\000u\000n\000d\000n\000e\000s\000s\000\040\000f\000o\000r\000\040\000H\000a\000n\000d\000l\000e\000r\000s}{chapter.12}% 212
\BOOKMARK [0][-]{chapter.13}{\376\377\000E\000x\000t\000e\000n\000d\000e\000d\000\040\000C\000o\000m\000p\000i\000l\000e\000r\000\040\000A\000r\000c\000h\000i\000t\000e\000c\000t\000u\000r\000e}{part.3}% 213
\BOOKMARK [1][-]{section.13.1}{\376\377\000E\000x\000t\000e\000n\000d\000e\000d\000\040\000L\000e\000x\000e\000r}{chapter.13}% 214
\BOOKMARK [2][-]{subsection.13.1.1}{\376\377\000T\000o\000k\000e\000n\000\040\000S\000e\000t\000\040\000E\000x\000t\000e\000n\000s\000i\000o\000n\000s}{section.13.1}% 215
\BOOKMARK [2][-]{subsection.13.1.2}{\376\377\000U\000n\000i\000c\000o\000d\000e\000\040\000S\000u\000p\000p\000o\000r\000t}{section.13.1}% 216
\BOOKMARK [2][-]{subsection.13.1.3}{\376\377\000L\000e\000x\000e\000r\000\040\000S\000t\000a\000t\000e\000\040\000M\000a\000c\000h\000i\000n\000e}{section.13.1}% 217
\BOOKMARK [2][-]{subsection.13.1.4}{\376\377\000L\000e\000x\000e\000r\000\040\000P\000s\000e\000u\000d\000o\000c\000o\000d\000e}{section.13.1}% 218
\BOOKMARK [1][-]{section.13.2}{\376\377\000E\000x\000t\000e\000n\000d\000e\000d\000\040\000P\000a\000r\000s\000e\000r}{chapter.13}% 219
\BOOKMARK [2][-]{subsection.13.2.1}{\376\377\000E\000x\000t\000e\000n\000d\000e\000d\000\040\000G\000r\000a\000m\000m\000a\000r}{section.13.2}% 220
\BOOKMARK [2][-]{subsection.13.2.2}{\376\377\000P\000r\000e\000c\000e\000d\000e\000n\000c\000e\000\040\000a\000n\000d\000\040\000A\000s\000s\000o\000c\000i\000a\000t\000i\000v\000i\000t\000y}{section.13.2}% 221
\BOOKMARK [2][-]{subsection.13.2.3}{\376\377\000P\000a\000r\000s\000e\000r\000\040\000I\000m\000p\000l\000e\000m\000e\000n\000t\000a\000t\000i\000o\000n}{section.13.2}% 222
\BOOKMARK [2][-]{subsection.13.2.4}{\376\377\000E\000r\000r\000o\000r\000\040\000R\000e\000c\000o\000v\000e\000r\000y}{section.13.2}% 223
\BOOKMARK [1][-]{section.13.3}{\376\377\000E\000x\000t\000e\000n\000d\000e\000d\000\040\000A\000S\000T}{chapter.13}% 224
\BOOKMARK [2][-]{subsection.13.3.1}{\376\377\000A\000S\000T\000\040\000N\000o\000d\000e\000\040\000T\000y\000p\000e\000s}{section.13.3}% 225
\BOOKMARK [2][-]{subsection.13.3.2}{\376\377\000A\000S\000T\000\040\000A\000n\000n\000o\000t\000a\000t\000i\000o\000n\000s}{section.13.3}% 226
\BOOKMARK [2][-]{subsection.13.3.3}{\376\377\000A\000S\000T\000\040\000W\000e\000l\000l\000-\000f\000o\000r\000m\000e\000d\000n\000e\000s\000s}{section.13.3}% 227
\BOOKMARK [1][-]{section.13.4}{\376\377\000E\000f\000f\000e\000c\000t\000-\000A\000w\000a\000r\000e\000\040\000I\000n\000t\000e\000r\000m\000e\000d\000i\000a\000t\000e\000\040\000R\000e\000p\000r\000e\000s\000e\000n\000t\000a\000t\000i\000o\000n}{chapter.13}% 228
\BOOKMARK [2][-]{subsection.13.4.1}{\376\377\000I\000R\000\040\000D\000e\000s\000i\000g\000n}{section.13.4}% 229
\BOOKMARK [2][-]{subsection.13.4.2}{\376\377\000A\000N\000F\000\040\000T\000r\000a\000n\000s\000f\000o\000r\000m\000a\000t\000i\000o\000n}{section.13.4}% 230
\BOOKMARK [2][-]{subsection.13.4.3}{\376\377\000C\000P\000S\000\040\000T\000r\000a\000n\000s\000f\000o\000r\000m\000a\000t\000i\000o\000n\000\040\000f\000o\000r\000\040\000H\000a\000n\000d\000l\000e\000r\000s}{section.13.4}% 231
\BOOKMARK [2][-]{subsection.13.4.4}{\376\377\000I\000R\000\040\000T\000y\000p\000i\000n\000g\000\040\000P\000r\000e\000s\000e\000r\000v\000a\000t\000i\000o\000n}{section.13.4}% 232
\BOOKMARK [1][-]{section.13.5}{\376\377\000O\000p\000t\000i\000m\000i\000z\000a\000t\000i\000o\000n\000\040\000P\000a\000s\000s\000e\000s}{chapter.13}% 233
\BOOKMARK [2][-]{subsection.13.5.1}{\376\377\000E\000f\000f\000e\000c\000t\000-\000A\000w\000a\000r\000e\000\040\000O\000p\000t\000i\000m\000i\000z\000a\000t\000i\000o\000n\000\040\000F\000r\000a\000m\000e\000w\000o\000r\000k}{section.13.5}% 234
\BOOKMARK [2][-]{subsection.13.5.2}{\376\377\000D\000e\000a\000d\000\040\000E\000f\000f\000e\000c\000t\000\040\000E\000l\000i\000m\000i\000n\000a\000t\000i\000o\000n}{section.13.5}% 235
\BOOKMARK [2][-]{subsection.13.5.3}{\376\377\000H\000a\000n\000d\000l\000e\000r\000\040\000F\000u\000s\000i\000o\000n}{section.13.5}% 236
\BOOKMARK [2][-]{subsection.13.5.4}{\376\377\000H\000a\000n\000d\000l\000e\000r\000\040\000I\000n\000l\000i\000n\000i\000n\000g}{section.13.5}% 237
\BOOKMARK [2][-]{subsection.13.5.5}{\376\377\000O\000r\000d\000i\000n\000a\000l\000\040\000L\000o\000o\000p\000\040\000O\000p\000t\000i\000m\000i\000z\000a\000t\000i\000o\000n}{section.13.5}% 238
\BOOKMARK [0][-]{chapter.14}{\376\377\000T\000K\000S\000\040\000V\000i\000r\000t\000u\000a\000l\000\040\000M\000a\000c\000h\000i\000n\000e}{part.3}% 239
\BOOKMARK [1][-]{section.14.1}{\376\377\000V\000M\000\040\000A\000r\000c\000h\000i\000t\000e\000c\000t\000u\000r\000e}{chapter.14}% 240
\BOOKMARK [2][-]{subsection.14.1.1}{\376\377\000D\000e\000s\000i\000g\000n\000\040\000O\000v\000e\000r\000v\000i\000e\000w}{section.14.1}% 241
\BOOKMARK [2][-]{subsection.14.1.2}{\376\377\000V\000M\000\040\000S\000t\000a\000t\000e}{section.14.1}% 242
\BOOKMARK [2][-]{subsection.14.1.3}{\376\377\000M\000e\000m\000o\000r\000y\000\040\000M\000o\000d\000e\000l}{section.14.1}% 243
\BOOKMARK [1][-]{section.14.2}{\376\377\000I\000n\000s\000t\000r\000u\000c\000t\000i\000o\000n\000\040\000S\000e\000t}{chapter.14}% 244
\BOOKMARK [2][-]{subsection.14.2.1}{\376\377\000I\000n\000s\000t\000r\000u\000c\000t\000i\000o\000n\000\040\000E\000n\000c\000o\000d\000i\000n\000g}{section.14.2}% 245
\BOOKMARK [2][-]{subsection.14.2.2}{\376\377\000C\000o\000r\000e\000\040\000I\000n\000s\000t\000r\000u\000c\000t\000i\000o\000n\000s}{section.14.2}% 246
\BOOKMARK [2][-]{subsection.14.2.3}{\376\377\000T\000K\000S\000\040\000D\000o\000m\000a\000i\000n\000\040\000I\000n\000s\000t\000r\000u\000c\000t\000i\000o\000n\000s}{section.14.2}% 247
\BOOKMARK [2][-]{subsection.14.2.4}{\376\377\000R\000P\000M\000\040\000I\000n\000s\000t\000r\000u\000c\000t\000i\000o\000n\000s}{section.14.2}% 248
\BOOKMARK [2][-]{subsection.14.2.5}{\376\377\000E\000f\000f\000e\000c\000t\000\040\000I\000n\000s\000t\000r\000u\000c\000t\000i\000o\000n\000s\000\040\000\050\000v\0007\000.\0003\000\051}{section.14.2}% 249
\BOOKMARK [2][-]{subsection.14.2.6}{\376\377\000T\000r\000a\000n\000s\000f\000i\000n\000i\000t\000e\000\040\000I\000n\000s\000t\000r\000u\000c\000t\000i\000o\000n\000s\000\040\000\050\000v\0007\000.\0003\000\051}{section.14.2}% 250
\BOOKMARK [2][-]{subsection.14.2.7}{\376\377\000Q\000u\000a\000n\000t\000u\000m\000\040\000I\000n\000s\000t\000r\000u\000c\000t\000i\000o\000n\000s\000\040\000\050\000v\0007\000.\0003\000\051}{section.14.2}% 251
\BOOKMARK [2][-]{subsection.14.2.8}{\376\377\000C\000l\000o\000s\000u\000r\000e\000\040\000a\000n\000d\000\040\000A\000l\000l\000o\000c\000a\000t\000i\000o\000n\000\040\000I\000n\000s\000t\000r\000u\000c\000t\000i\000o\000n\000s}{section.14.2}% 252
\BOOKMARK [2][-]{subsection.14.2.9}{\376\377\000I\000n\000s\000t\000r\000u\000c\000t\000i\000o\000n\000\040\000E\000x\000a\000m\000p\000l\000e\000s}{section.14.2}% 253
\BOOKMARK [1][-]{section.14.3}{\376\377\000R\000P\000M\000-\000A\000w\000a\000r\000e\000\040\000E\000x\000e\000c\000u\000t\000i\000o\000n}{chapter.14}% 254
\BOOKMARK [2][-]{subsection.14.3.1}{\376\377\000R\000P\000M\000\040\000S\000t\000a\000t\000e\000\040\000i\000n\000\040\000V\000M\000\040\000C\000o\000n\000t\000e\000x\000t}{section.14.3}% 255
\BOOKMARK [2][-]{subsection.14.3.2}{\376\377\000R\000P\000M\000\040\000I\000n\000s\000t\000r\000u\000c\000t\000i\000o\000n\000\040\000S\000e\000m\000a\000n\000t\000i\000c\000s}{section.14.3}% 256
\BOOKMARK [2][-]{subsection.14.3.3}{\376\377\000G\000o\000a\000l\000\040\000a\000n\000d\000\040\000P\000r\000e\000r\000e\000q\000u\000i\000s\000i\000t\000e\000\040\000T\000r\000a\000c\000k\000i\000n\000g}{section.14.3}% 257
\BOOKMARK [1][-]{section.14.4}{\376\377\000E\000f\000f\000e\000c\000t\000\040\000H\000a\000n\000d\000l\000i\000n\000g\000\040\000i\000n\000\040\000V\000M}{chapter.14}% 258
\BOOKMARK [2][-]{subsection.14.4.1}{\376\377\000H\000a\000n\000d\000l\000e\000r\000\040\000S\000t\000a\000c\000k\000\040\000M\000a\000n\000a\000g\000e\000m\000e\000n\000t}{section.14.4}% 259
\BOOKMARK [2][-]{subsection.14.4.2}{\376\377\000C\000o\000n\000t\000i\000n\000u\000a\000t\000i\000o\000n\000\040\000C\000a\000p\000t\000u\000r\000e\000\040\000a\000n\000d\000\040\000R\000e\000s\000t\000o\000r\000a\000t\000i\000o\000n}{section.14.4}% 260
\BOOKMARK [2][-]{subsection.14.4.3}{\376\377\000H\000a\000n\000d\000l\000e\000r\000\040\000R\000e\000t\000u\000r\000n\000\040\000C\000l\000a\000u\000s\000e}{section.14.4}% 261
\BOOKMARK [2][-]{subsection.14.4.4}{\376\377\000C\000o\000r\000r\000e\000c\000t\000n\000e\000s\000s\000\040\000T\000h\000e\000o\000r\000e\000m}{section.14.4}% 262
\BOOKMARK [1][-]{section.14.5}{\376\377\000T\000r\000a\000n\000s\000f\000i\000n\000i\000t\000e\000\040\000L\000o\000o\000p\000\040\000E\000x\000e\000c\000u\000t\000i\000o\000n}{chapter.14}% 263
\BOOKMARK [2][-]{subsection.14.5.1}{\376\377\000O\000r\000d\000i\000n\000a\000l\000\040\000R\000e\000p\000r\000e\000s\000e\000n\000t\000a\000t\000i\000o\000n}{section.14.5}% 264
\BOOKMARK [2][-]{subsection.14.5.2}{\376\377\000T\000r\000a\000n\000s\000f\000i\000n\000i\000t\000e\000\040\000L\000o\000o\000p\000\040\000E\000x\000e\000c\000u\000t\000i\000o\000n\000\040\000M\000o\000d\000e\000l}{section.14.5}% 265
\BOOKMARK [2][-]{subsection.14.5.3}{\376\377\000C\000o\000n\000v\000e\000r\000g\000e\000n\000c\000e\000\040\000D\000e\000t\000e\000c\000t\000i\000o\000n}{section.14.5}% 266
\BOOKMARK [1][-]{section.14.6}{\376\377\000G\000a\000r\000b\000a\000g\000e\000\040\000C\000o\000l\000l\000e\000c\000t\000i\000o\000n}{chapter.14}% 267
\BOOKMARK [2][-]{subsection.14.6.1}{\376\377\000G\000C\000\040\000D\000e\000s\000i\000g\000n}{section.14.6}% 268
\BOOKMARK [2][-]{subsection.14.6.2}{\376\377\000I\000d\000e\000a\000\040\000P\000e\000r\000s\000i\000s\000t\000e\000n\000c\000e}{section.14.6}% 269
\BOOKMARK [0][-]{chapter.15}{\376\377\000M\000o\000d\000u\000l\000e\000\040\000S\000y\000s\000t\000e\000m}{part.3}% 270
\BOOKMARK [1][-]{section.15.1}{\376\377\000M\000o\000d\000u\000l\000e\000\040\000S\000y\000n\000t\000a\000x}{chapter.15}% 271
\BOOKMARK [2][-]{subsection.15.1.1}{\376\377\000M\000o\000d\000u\000l\000e\000\040\000D\000e\000c\000l\000a\000r\000a\000t\000i\000o\000n\000s}{section.15.1}% 272
\BOOKMARK [2][-]{subsection.15.1.2}{\376\377\000I\000m\000p\000o\000r\000t\000\040\000S\000t\000a\000t\000e\000m\000e\000n\000t\000s}{section.15.1}% 273
\BOOKMARK [2][-]{subsection.15.1.3}{\376\377\000Q\000u\000a\000l\000i\000f\000i\000e\000d\000\040\000N\000a\000m\000e\000s\000\040\000a\000n\000d\000\040\000A\000l\000i\000a\000s\000i\000n\000g}{section.15.1}% 274
\BOOKMARK [2][-]{subsection.15.1.4}{\376\377\000M\000o\000d\000u\000l\000e\000\040\000D\000e\000c\000l\000a\000r\000a\000t\000i\000o\000n\000s}{section.15.1}% 275
\BOOKMARK [1][-]{section.15.2}{\376\377\000M\000o\000d\000u\000l\000e\000\040\000T\000y\000p\000e\000s}{chapter.15}% 276
\BOOKMARK [2][-]{subsection.15.2.1}{\376\377\000S\000i\000g\000n\000a\000t\000u\000r\000e\000\040\000D\000e\000c\000l\000a\000r\000a\000t\000i\000o\000n\000s}{section.15.2}% 277
\BOOKMARK [2][-]{subsection.15.2.2}{\376\377\000A\000b\000s\000t\000r\000a\000c\000t\000\040\000v\000s\000\040\000T\000r\000a\000n\000s\000p\000a\000r\000e\000n\000t\000\040\000T\000y\000p\000e\000\040\000C\000o\000m\000p\000o\000n\000e\000n\000t\000s}{section.15.2}% 278
\BOOKMARK [2][-]{subsection.15.2.3}{\376\377\000V\000a\000l\000u\000e\000\040\000a\000n\000d\000\040\000E\000f\000f\000e\000c\000t\000\040\000S\000p\000e\000c\000i\000f\000i\000c\000a\000t\000i\000o\000n\000s}{section.15.2}% 279
\BOOKMARK [2][-]{subsection.15.2.4}{\376\377\000S\000i\000g\000n\000a\000t\000u\000r\000e\000\040\000M\000a\000t\000c\000h\000i\000n\000g\000\040\000a\000n\000d\000\040\000S\000u\000b\000t\000y\000p\000i\000n\000g}{section.15.2}% 280
\BOOKMARK [1][-]{section.15.3}{\376\377\000F\000u\000n\000c\000t\000o\000r\000\040\000M\000o\000d\000u\000l\000e\000s}{chapter.15}% 281
\BOOKMARK [2][-]{subsection.15.3.1}{\376\377\000F\000u\000n\000c\000t\000o\000r\000\040\000S\000y\000n\000t\000a\000x}{section.15.3}% 282
\BOOKMARK [2][-]{subsection.15.3.2}{\376\377\000F\000u\000n\000c\000t\000o\000r\000\040\000A\000p\000p\000l\000i\000c\000a\000t\000i\000o\000n}{section.15.3}% 283
\BOOKMARK [2][-]{subsection.15.3.3}{\376\377\000H\000i\000g\000h\000e\000r\000-\000O\000r\000d\000e\000r\000\040\000F\000u\000n\000c\000t\000o\000r\000s}{section.15.3}% 284
\BOOKMARK [2][-]{subsection.15.3.4}{\376\377\000A\000p\000p\000l\000i\000c\000a\000t\000i\000v\000e\000\040\000v\000s\000\040\000G\000e\000n\000e\000r\000a\000t\000i\000v\000e\000\040\000F\000u\000n\000c\000t\000o\000r\000s}{section.15.3}% 285
\BOOKMARK [1][-]{section.15.4}{\376\377\000S\000e\000p\000a\000r\000a\000t\000e\000\040\000C\000o\000m\000p\000i\000l\000a\000t\000i\000o\000n}{chapter.15}% 286
\BOOKMARK [2][-]{subsection.15.4.1}{\376\377\000F\000i\000l\000e\000\040\000O\000r\000g\000a\000n\000i\000z\000a\000t\000i\000o\000n}{section.15.4}% 287
\BOOKMARK [2][-]{subsection.15.4.2}{\376\377\000I\000n\000t\000e\000r\000f\000a\000c\000e\000\040\000F\000i\000l\000e\000s}{section.15.4}% 288
\BOOKMARK [2][-]{subsection.15.4.3}{\376\377\000I\000m\000p\000l\000e\000m\000e\000n\000t\000a\000t\000i\000o\000n\000\040\000F\000i\000l\000e\000s}{section.15.4}% 289
\BOOKMARK [2][-]{subsection.15.4.4}{\376\377\000C\000o\000m\000p\000i\000l\000a\000t\000i\000o\000n\000\040\000P\000i\000p\000e\000l\000i\000n\000e}{section.15.4}% 290
\BOOKMARK [2][-]{subsection.15.4.5}{\376\377\000L\000i\000n\000k\000i\000n\000g\000\040\000a\000n\000d\000\040\000D\000e\000p\000e\000n\000d\000e\000n\000c\000y\000\040\000R\000e\000s\000o\000l\000u\000t\000i\000o\000n}{section.15.4}% 291
\BOOKMARK [1][-]{section.15.5}{\376\377\000S\000t\000a\000n\000d\000a\000r\000d\000\040\000L\000i\000b\000r\000a\000r\000y}{chapter.15}% 292
\BOOKMARK [2][-]{subsection.15.5.1}{\376\377\000L\000i\000b\000r\000a\000r\000y\000\040\000O\000v\000e\000r\000v\000i\000e\000w}{section.15.5}% 293
\BOOKMARK [2][-]{subsection.15.5.2}{\376\377\000T\000K\000S\000.\000C\000o\000r\000e}{section.15.5}% 294
\BOOKMARK [2][-]{subsection.15.5.3}{\376\377\000T\000K\000S\000.\000N\000o\000e\000t\000i\000c\000s}{section.15.5}% 295
\BOOKMARK [2][-]{subsection.15.5.4}{\376\377\000T\000K\000S\000.\000R\000P\000M}{section.15.5}% 296
\BOOKMARK [2][-]{subsection.15.5.5}{\376\377\000T\000K\000S\000.\000F\000r\000a\000c\000t\000a\000l\000s}{section.15.5}% 297
\BOOKMARK [2][-]{subsection.15.5.6}{\376\377\000T\000K\000S\000.\000Q\000u\000a\000n\000t\000u\000m}{section.15.5}% 298
\BOOKMARK [2][-]{subsection.15.5.7}{\376\377\000M\000o\000d\000u\000l\000e\000\040\000S\000o\000u\000n\000d\000n\000e\000s\000s}{section.15.5}% 299
\BOOKMARK [0][-]{chapter.16}{\376\377\000F\000o\000r\000e\000i\000g\000n\000\040\000F\000u\000n\000c\000t\000i\000o\000n\000\040\000I\000n\000t\000e\000r\000f\000a\000c\000e}{part.3}% 300
\BOOKMARK [1][-]{section.16.1}{\376\377\000F\000F\000I\000\040\000D\000e\000c\000l\000a\000r\000a\000t\000i\000o\000n\000s}{chapter.16}% 301
\BOOKMARK [2][-]{subsection.16.1.1}{\376\377\000E\000x\000t\000e\000r\000n\000a\000l\000\040\000F\000u\000n\000c\000t\000i\000o\000n\000\040\000D\000e\000c\000l\000a\000r\000a\000t\000i\000o\000n\000s}{section.16.1}% 302
\BOOKMARK [2][-]{subsection.16.1.2}{\376\377\000L\000i\000b\000r\000a\000r\000y\000\040\000L\000i\000n\000k\000i\000n\000g}{section.16.1}% 303
\BOOKMARK [2][-]{subsection.16.1.3}{\376\377\000V\000a\000r\000i\000a\000d\000i\000c\000\040\000F\000u\000n\000c\000t\000i\000o\000n\000s}{section.16.1}% 304
\BOOKMARK [1][-]{section.16.2}{\376\377\000T\000y\000p\000e\000\040\000M\000a\000r\000s\000h\000a\000l\000l\000i\000n\000g}{chapter.16}% 305
\BOOKMARK [2][-]{subsection.16.2.1}{\376\377\000F\000o\000r\000e\000i\000g\000n\000\040\000T\000y\000p\000e\000\040\000S\000y\000s\000t\000e\000m}{section.16.2}% 306
\BOOKMARK [2][-]{subsection.16.2.2}{\376\377\000A\000u\000t\000o\000m\000a\000t\000i\000c\000\040\000M\000a\000r\000s\000h\000a\000l\000l\000i\000n\000g}{section.16.2}% 307
\BOOKMARK [2][-]{subsection.16.2.3}{\376\377\000C\000u\000s\000t\000o\000m\000\040\000M\000a\000r\000s\000h\000a\000l\000l\000e\000r\000s}{section.16.2}% 308
\BOOKMARK [2][-]{subsection.16.2.4}{\376\377\000T\000K\000S\000\040\000D\000o\000m\000a\000i\000n\000\040\000T\000y\000p\000e\000\040\000M\000a\000r\000s\000h\000a\000l\000l\000i\000n\000g}{section.16.2}% 309
\BOOKMARK [1][-]{section.16.3}{\376\377\000S\000a\000f\000e\000t\000y\000\040\000a\000n\000d\000\040\000E\000f\000f\000e\000c\000t\000s}{chapter.16}% 310
\BOOKMARK [2][-]{subsection.16.3.1}{\376\377\000S\000a\000f\000e\000\040\000v\000s\000\040\000U\000n\000s\000a\000f\000e\000\040\000F\000F\000I}{section.16.3}% 311
\BOOKMARK [2][-]{subsection.16.3.2}{\376\377\000F\000F\000I\000\040\000E\000f\000f\000e\000c\000t\000s}{section.16.3}% 312
\BOOKMARK [2][-]{subsection.16.3.3}{\376\377\000M\000e\000m\000o\000r\000y\000\040\000S\000a\000f\000e\000t\000y}{section.16.3}% 313
\BOOKMARK [1][-]{section.16.4}{\376\377\000C\000a\000l\000l\000b\000a\000c\000k\000s}{chapter.16}% 314
\BOOKMARK [2][-]{subsection.16.4.1}{\376\377\000F\000u\000n\000c\000t\000i\000o\000n\000\040\000P\000o\000i\000n\000t\000e\000r\000\040\000C\000r\000e\000a\000t\000i\000o\000n}{section.16.4}% 315
\BOOKMARK [2][-]{subsection.16.4.2}{\376\377\000C\000a\000l\000l\000b\000a\000c\000k\000\040\000L\000i\000f\000e\000t\000i\000m\000e}{section.16.4}% 316
\BOOKMARK [1][-]{section.16.5}{\376\377\000P\000l\000a\000t\000f\000o\000r\000m\000\040\000B\000i\000n\000d\000i\000n\000g\000s}{chapter.16}% 317
\BOOKMARK [2][-]{subsection.16.5.1}{\376\377\000F\000i\000l\000e\000\040\000S\000y\000s\000t\000e\000m}{section.16.5}% 318
\BOOKMARK [2][-]{subsection.16.5.2}{\376\377\000N\000e\000t\000w\000o\000r\000k\000i\000n\000g}{section.16.5}% 319
\BOOKMARK [2][-]{subsection.16.5.3}{\376\377\000P\000r\000o\000c\000e\000s\000s\000\040\000M\000a\000n\000a\000g\000e\000m\000e\000n\000t}{section.16.5}% 320
\BOOKMARK [2][-]{subsection.16.5.4}{\376\377\000C\000o\000n\000c\000u\000r\000r\000e\000n\000c\000y\000\040\000P\000r\000i\000m\000i\000t\000i\000v\000e\000s}{section.16.5}% 321
\BOOKMARK [2][-]{subsection.16.5.5}{\376\377\000E\000x\000t\000e\000r\000n\000a\000l\000\040\000L\000i\000b\000r\000a\000r\000y\000\040\000I\000n\000t\000e\000g\000r\000a\000t\000i\000o\000n}{section.16.5}% 322
\BOOKMARK [1][-]{section.16.6}{\376\377\000C\000h\000a\000p\000t\000e\000r\000\040\0007\000\040\000S\000u\000m\000m\000a\000r\000y\000\040\000a\000n\000d\000\040\000v\0007\000.\0003\000\040\000C\000o\000m\000p\000i\000l\000e\000r\000\040\000T\000r\000a\000c\000k\000\040\000H\000a\000n\000d\000o\000f\000f}{chapter.16}% 323
\BOOKMARK [2][-]{subsection.16.6.1}{\376\377\000C\000o\000m\000p\000l\000e\000t\000e\000\040\000v\0007\000.\0003\000\040\000C\000o\000m\000p\000i\000l\000e\000r\000\040\000T\000r\000a\000c\000k\000\040\000S\000u\000m\000m\000a\000r\000y}{section.16.6}% 324
\BOOKMARK [2][-]{subsection.16.6.2}{\376\377\000K\000e\000y\000\040\000C\000o\000m\000p\000o\000n\000e\000n\000t\000s\000\040\000C\000h\000e\000c\000k\000l\000i\000s\000t}{section.16.6}% 325
\BOOKMARK [2][-]{subsection.16.6.3}{\376\377\000I\000m\000p\000l\000e\000m\000e\000n\000t\000a\000t\000i\000o\000n\000\040\000P\000r\000i\000o\000r\000i\000t\000i\000e\000s}{section.16.6}% 326
\BOOKMARK [2][-]{subsection.16.6.4}{\376\377\000D\000e\000t\000a\000i\000l\000e\000d\000\040\000H\000a\000n\000d\000o\000f\000f\000\040\000N\000o\000t\000e\000s}{section.16.6}% 327
\BOOKMARK [-1][-]{part.4}{\376\377\000I\000V\000\040\000Q\000u\000a\000n\000t\000u\000m\000\040\000N\000o\000e\000t\000i\000c\000s\000\040\000\050\000v\0007\000.\0003\000\051}{}% 328
\BOOKMARK [0][-]{chapter.17}{\376\377\000H\000i\000l\000b\000e\000r\000t\000\040\000S\000p\000a\000c\000e\000\040\000S\000e\000m\000a\000n\000t\000i\000c\000s\000\040\000f\000o\000r\000\040\000I\000d\000e\000a\000s}{part.4}% 329
\BOOKMARK [1][-]{section.17.1}{\376\377\000T\000h\000e\000\040\000B\000a\000s\000e\000\040\000H\000i\000l\000b\000e\000r\000t\000\040\000S\000p\000a\000c\000e\000\040\000o\000f\000\040\000I\000d\000e\000a\000s}{chapter.17}% 330
\BOOKMARK [1][-]{section.17.2}{\376\377\000E\000m\000b\000e\000d\000d\000i\000n\000g\000\040\000o\000f\000\040\000C\000l\000a\000s\000s\000i\000c\000a\000l\000\040\000I\000d\000e\000a\000\040\000S\000t\000a\000t\000e\000s}{chapter.17}% 331
\BOOKMARK [1][-]{section.17.3}{\376\377\000I\000n\000n\000e\000r\000\040\000P\000r\000o\000d\000u\000c\000t\000\040\000a\000s\000\040\000S\000i\000m\000i\000l\000a\000r\000i\000t\000y\000\040\000a\000n\000d\000\040\000I\000n\000t\000e\000r\000f\000e\000r\000e\000n\000c\000e}{chapter.17}% 332
\BOOKMARK [1][-]{section.17.4}{\376\377\000N\000o\000e\000t\000i\000c\000\040\000O\000p\000e\000r\000a\000t\000o\000r\000s\000\040\000o\000n\000\040\000t\000h\000e\000\040\000I\000d\000e\000a\000\040\000H\000i\000l\000b\000e\000r\000t\000\040\000S\000p\000a\000c\000e}{chapter.17}% 333
\BOOKMARK [0][-]{chapter.18}{\376\377\000Q\000u\000a\000n\000t\000u\000m\000\040\000N\000o\000e\000t\000i\000c\000\040\000O\000p\000e\000r\000a\000t\000o\000r\000s}{part.4}% 334
\BOOKMARK [1][-]{section.18.1}{\376\377\000R\000e\000v\000i\000e\000w\000:\000\040\000N\000o\000e\000t\000i\000c\000\040\000H\000i\000l\000b\000e\000r\000t\000\040\000S\000p\000a\000c\000e\000s\000\040\000f\000r\000o\000m\000\040\000v\0007\000.\0002}{chapter.18}% 335
\BOOKMARK [1][-]{section.18.2}{\376\377\000T\000h\000e\000\040\000C\000*\000-\000A\000l\000g\000e\000b\000r\000a\000\040\000o\000f\000\040\000N\000o\000e\000t\000i\000c\000\040\000O\000p\000e\000r\000a\000t\000o\000r\000s}{chapter.18}% 336
\BOOKMARK [1][-]{section.18.3}{\376\377\000N\000o\000e\000t\000i\000c\000\040\000C\000o\000m\000m\000u\000t\000a\000t\000o\000r\000s\000\040\000a\000n\000d\000\040\000N\000o\000n\000-\000C\000o\000m\000m\000u\000t\000a\000t\000i\000v\000i\000t\000y}{chapter.18}% 337
\BOOKMARK [1][-]{section.18.4}{\376\377\000U\000n\000i\000t\000a\000r\000i\000t\000y\000\040\000a\000n\000d\000\040\000H\000e\000r\000m\000i\000t\000i\000c\000i\000t\000y}{chapter.18}% 338
\BOOKMARK [1][-]{section.18.5}{\376\377\000S\000p\000e\000c\000t\000r\000a\000l\000\040\000T\000h\000e\000o\000r\000y\000\040\000o\000f\000\040\000N\000o\000e\000t\000i\000c\000\040\000O\000p\000e\000r\000a\000t\000o\000r\000s}{chapter.18}% 339
\BOOKMARK [0][-]{chapter.19}{\376\377\000S\000p\000e\000c\000t\000r\000a\000l\000\040\000T\000h\000e\000o\000r\000y\000\040\000o\000f\000\040\000N\000o\000e\000t\000i\000c\000s}{part.4}% 340
\BOOKMARK [1][-]{section.19.1}{\376\377\000S\000p\000e\000c\000t\000r\000u\000m\000\040\000o\000f\000\040\000E\000a\000c\000h\000\040\000N\000o\000e\000t\000i\000c}{chapter.19}% 341
\BOOKMARK [1][-]{section.19.2}{\376\377\000S\000p\000e\000c\000t\000r\000a\000l\000\040\000D\000e\000c\000o\000m\000p\000o\000s\000i\000t\000i\000o\000n}{chapter.19}% 342
\BOOKMARK [1][-]{section.19.3}{\376\377\000F\000u\000n\000c\000t\000i\000o\000n\000a\000l\000\040\000C\000a\000l\000c\000u\000l\000u\000s}{chapter.19}% 343
\BOOKMARK [1][-]{section.19.4}{\376\377\000J\000o\000i\000n\000t\000\040\000S\000p\000e\000c\000t\000r\000a}{chapter.19}% 344
\BOOKMARK [1][-]{section.19.5}{\376\377\000S\000p\000e\000c\000t\000r\000a\000l\000\040\000G\000a\000p\000s}{chapter.19}% 345
\BOOKMARK [0][-]{chapter.20}{\376\377\000D\000e\000n\000s\000i\000t\000y\000\040\000M\000a\000t\000r\000i\000x\000\040\000F\000o\000r\000m\000a\000l\000i\000s\000m}{part.4}% 346
\BOOKMARK [1][-]{section.20.1}{\376\377\000P\000u\000r\000e\000\040\000v\000s\000\040\000M\000i\000x\000e\000d\000\040\000N\000o\000e\000t\000i\000c\000\040\000S\000t\000a\000t\000e\000s}{chapter.20}% 347
\BOOKMARK [1][-]{section.20.2}{\376\377\000D\000e\000n\000s\000i\000t\000y\000\040\000M\000a\000t\000r\000i\000x\000\040\000P\000r\000o\000p\000e\000r\000t\000i\000e\000s}{chapter.20}% 348
\BOOKMARK [1][-]{section.20.3}{\376\377\000T\000i\000m\000e\000\040\000E\000v\000o\000l\000u\000t\000i\000o\000n\000\040\000o\000f\000\040\000D\000e\000n\000s\000i\000t\000y\000\040\000M\000a\000t\000r\000i\000c\000e\000s}{chapter.20}% 349
\BOOKMARK [1][-]{section.20.4}{\376\377\000N\000o\000e\000t\000i\000c\000\040\000M\000i\000x\000t\000u\000r\000e\000s}{chapter.20}% 350
\BOOKMARK [1][-]{section.20.5}{\376\377\000P\000a\000r\000t\000i\000a\000l\000\040\000T\000r\000a\000c\000e\000\040\000a\000n\000d\000\040\000R\000e\000d\000u\000c\000e\000d\000\040\000S\000t\000a\000t\000e\000s}{chapter.20}% 351
\BOOKMARK [0][-]{chapter.21}{\376\377\000Q\000u\000a\000n\000t\000u\000m\000\040\000C\000h\000a\000n\000n\000e\000l\000s\000\040\000a\000n\000d\000\040\000N\000o\000e\000t\000i\000c\000\040\000D\000y\000n\000a\000m\000i\000c\000s}{part.4}% 352
\BOOKMARK [1][-]{section.21.1}{\376\377\000C\000o\000m\000p\000l\000e\000t\000e\000l\000y\000\040\000P\000o\000s\000i\000t\000i\000v\000e\000\040\000M\000a\000p\000s}{chapter.21}% 353
\BOOKMARK [2][-]{subsection.21.1.1}{\376\377\000P\000o\000s\000i\000t\000i\000v\000e\000\040\000a\000n\000d\000\040\000C\000o\000m\000p\000l\000e\000t\000e\000l\000y\000\040\000P\000o\000s\000i\000t\000i\000v\000e\000\040\000M\000a\000p\000s}{section.21.1}% 354
\BOOKMARK [2][-]{subsection.21.1.2}{\376\377\000C\000h\000o\000i\000-\000J\000a\000m\000i\000o\001\102\000k\000o\000w\000s\000k\000i\000\040\000I\000s\000o\000m\000o\000r\000p\000h\000i\000s\000m}{section.21.1}% 355
\BOOKMARK [1][-]{section.21.2}{\376\377\000K\000r\000a\000u\000s\000\040\000R\000e\000p\000r\000e\000s\000e\000n\000t\000a\000t\000i\000o\000n}{chapter.21}% 356
\BOOKMARK [1][-]{section.21.3}{\376\377\000N\000o\000e\000t\000i\000c\000\040\000C\000h\000a\000n\000n\000e\000l\000s}{chapter.21}% 357
\BOOKMARK [2][-]{subsection.21.3.1}{\376\377\000D\000e\000p\000o\000l\000a\000r\000i\000z\000i\000n\000g\000\040\000C\000h\000a\000n\000n\000e\000l}{section.21.3}% 358
\BOOKMARK [2][-]{subsection.21.3.2}{\376\377\000D\000e\000p\000h\000a\000s\000i\000n\000g\000\040\000C\000h\000a\000n\000n\000e\000l}{section.21.3}% 359
\BOOKMARK [2][-]{subsection.21.3.3}{\376\377\000W\000o\000r\000l\000d\000\040\000D\000e\000p\000h\000a\000s\000i\000n\000g}{section.21.3}% 360
\BOOKMARK [2][-]{subsection.21.3.4}{\376\377\000A\000m\000p\000l\000i\000t\000u\000d\000e\000\040\000D\000a\000m\000p\000i\000n\000g}{section.21.3}% 361
\BOOKMARK [2][-]{subsection.21.3.5}{\376\377\000F\000i\000x\000e\000d\000\040\000P\000o\000i\000n\000t\000s\000\040\000a\000n\000d\000\040\000A\000t\000t\000r\000a\000c\000t\000o\000r\000s}{section.21.3}% 362
\BOOKMARK [1][-]{section.21.4}{\376\377\000C\000h\000a\000n\000n\000e\000l\000\040\000C\000o\000m\000p\000o\000s\000i\000t\000i\000o\000n}{chapter.21}% 363
\BOOKMARK [1][-]{section.21.5}{\376\377\000L\000i\000n\000d\000b\000l\000a\000d\000\040\000M\000a\000s\000t\000e\000r\000\040\000E\000q\000u\000a\000t\000i\000o\000n}{chapter.21}% 364
\BOOKMARK [2][-]{subsection.21.5.1}{\376\377\000Q\000u\000a\000n\000t\000u\000m\000\040\000D\000y\000n\000a\000m\000i\000c\000a\000l\000\040\000S\000e\000m\000i\000g\000r\000o\000u\000p\000s}{section.21.5}% 365
\BOOKMARK [2][-]{subsection.21.5.2}{\376\377\000L\000i\000n\000d\000b\000l\000a\000d\000\040\000F\000o\000r\000m}{section.21.5}% 366
\BOOKMARK [2][-]{subsection.21.5.3}{\376\377\000N\000o\000e\000t\000i\000c\000\040\000J\000u\000m\000p\000\040\000O\000p\000e\000r\000a\000t\000o\000r\000s}{section.21.5}% 367
\BOOKMARK [2][-]{subsection.21.5.4}{\376\377\000S\000t\000e\000a\000d\000y\000\040\000S\000t\000a\000t\000e\000s\000\040\000o\000f\000\040\000L\000i\000n\000d\000b\000l\000a\000d\000\040\000D\000y\000n\000a\000m\000i\000c\000s}{section.21.5}% 368
\BOOKMARK [0][-]{chapter.22}{\376\377\000N\000o\000e\000t\000i\000c\000\040\000E\000n\000t\000a\000n\000g\000l\000e\000m\000e\000n\000t}{part.4}% 369
\BOOKMARK [1][-]{section.22.1}{\376\377\000B\000i\000p\000a\000r\000t\000i\000t\000e\000\040\000N\000o\000e\000t\000i\000c\000\040\000S\000t\000a\000t\000e\000s}{chapter.22}% 370
\BOOKMARK [2][-]{subsection.22.1.1}{\376\377\000T\000e\000n\000s\000o\000r\000\040\000P\000r\000o\000d\000u\000c\000t\000\040\000o\000f\000\040\000I\000d\000e\000a\000\040\000S\000p\000a\000c\000e\000s}{section.22.1}% 371
\BOOKMARK [2][-]{subsection.22.1.2}{\376\377\000S\000c\000h\000m\000i\000d\000t\000\040\000D\000e\000c\000o\000m\000p\000o\000s\000i\000t\000i\000o\000n}{section.22.1}% 372
\BOOKMARK [2][-]{subsection.22.1.3}{\376\377\000S\000e\000p\000a\000r\000a\000b\000l\000e\000\040\000a\000n\000d\000\040\000E\000n\000t\000a\000n\000g\000l\000e\000d\000\040\000M\000i\000x\000e\000d\000\040\000S\000t\000a\000t\000e\000s}{section.22.1}% 373
\BOOKMARK [1][-]{section.22.2}{\376\377\000E\000n\000t\000a\000n\000g\000l\000e\000m\000e\000n\000t\000\040\000M\000e\000a\000s\000u\000r\000e\000s}{chapter.22}% 374
\BOOKMARK [2][-]{subsection.22.2.1}{\376\377\000E\000n\000t\000a\000n\000g\000l\000e\000m\000e\000n\000t\000\040\000E\000n\000t\000r\000o\000p\000y}{section.22.2}% 375
\BOOKMARK [2][-]{subsection.22.2.2}{\376\377\000E\000n\000t\000a\000n\000g\000l\000e\000m\000e\000n\000t\000\040\000o\000f\000\040\000F\000o\000r\000m\000a\000t\000i\000o\000n}{section.22.2}% 376
\BOOKMARK [2][-]{subsection.22.2.3}{\376\377\000N\000e\000g\000a\000t\000i\000v\000i\000t\000y\000\040\000a\000n\000d\000\040\000P\000P\000T\000\040\000C\000r\000i\000t\000e\000r\000i\000o\000n}{section.22.2}% 377
\BOOKMARK [2][-]{subsection.22.2.4}{\376\377\000C\000o\000n\000c\000u\000r\000r\000e\000n\000c\000e}{section.22.2}% 378
\BOOKMARK [1][-]{section.22.3}{\376\377\000N\000o\000e\000t\000i\000c\000\040\000B\000e\000l\000l\000\040\000S\000t\000a\000t\000e\000s\000\040\000a\000n\000d\000\040\000M\000a\000x\000i\000m\000a\000l\000\040\000E\000n\000t\000a\000n\000g\000l\000e\000m\000e\000n\000t}{chapter.22}% 379
\BOOKMARK [2][-]{subsection.22.3.1}{\376\377\000B\000e\000l\000l\000\040\000B\000a\000s\000i\000s\000\040\000f\000o\000r\000\040\000T\000K\000S}{section.22.3}% 380
\BOOKMARK [2][-]{subsection.22.3.2}{\376\377\000W\000o\000r\000l\000d\000-\000R\000e\000s\000t\000r\000i\000c\000t\000e\000d\000\040\000B\000e\000l\000l\000\040\000S\000t\000a\000t\000e\000s}{section.22.3}% 381
\BOOKMARK [2][-]{subsection.22.3.3}{\376\377\000B\000e\000l\000l\000\040\000I\000n\000e\000q\000u\000a\000l\000i\000t\000i\000e\000s\000\040\000i\000n\000\040\000T\000K\000S}{section.22.3}% 382
\BOOKMARK [1][-]{section.22.4}{\376\377\000W\000o\000r\000l\000d\000-\000W\000o\000r\000l\000d\000\040\000E\000n\000t\000a\000n\000g\000l\000e\000m\000e\000n\000t}{chapter.22}% 383
\BOOKMARK [2][-]{subsection.22.4.1}{\376\377\000I\000n\000t\000e\000r\000-\000W\000o\000r\000l\000d\000\040\000E\000n\000t\000a\000n\000g\000l\000e\000m\000e\000n\000t\000\040\000S\000t\000r\000u\000c\000t\000u\000r\000e}{section.22.4}% 384
\BOOKMARK [2][-]{subsection.22.4.2}{\376\377\000A\000C\000B\000E\000\040\000a\000n\000d\000\040\000E\000n\000t\000a\000n\000g\000l\000e\000m\000e\000n\000t\000\040\000D\000y\000n\000a\000m\000i\000c\000s}{section.22.4}% 385
\BOOKMARK [2][-]{subsection.22.4.3}{\376\377\000M\000o\000n\000o\000g\000a\000m\000y\000\040\000o\000f\000\040\000E\000n\000t\000a\000n\000g\000l\000e\000m\000e\000n\000t}{section.22.4}% 386
\BOOKMARK [1][-]{section.22.5}{\376\377\000M\000u\000l\000t\000i\000p\000a\000r\000t\000i\000t\000e\000\040\000E\000n\000t\000a\000n\000g\000l\000e\000m\000e\000n\000t}{chapter.22}% 387
\BOOKMARK [2][-]{subsection.22.5.1}{\376\377\000T\000r\000i\000p\000a\000r\000t\000i\000t\000e\000\040\000H\000i\000l\000b\000e\000r\000t\000\040\000S\000p\000a\000c\000e}{section.22.5}% 388
\BOOKMARK [2][-]{subsection.22.5.2}{\376\377\000G\000H\000Z\000\040\000a\000n\000d\000\040\000W\000\040\000S\000t\000a\000t\000e\000s}{section.22.5}% 389
\BOOKMARK [2][-]{subsection.22.5.3}{\376\377\000N\000o\000e\000t\000i\000c\000\040\000G\000r\000a\000p\000h\000\040\000S\000t\000a\000t\000e\000s}{section.22.5}% 390
\BOOKMARK [0][-]{chapter.23}{\376\377\000Q\000u\000a\000n\000t\000u\000m\000\040\000M\000e\000a\000s\000u\000r\000e\000m\000e\000n\000t\000\040\000i\000n\000\040\000T\000K\000S}{part.4}% 391
\BOOKMARK [1][-]{section.23.1}{\376\377\000P\000r\000o\000j\000e\000c\000t\000i\000v\000e\000\040\000M\000e\000a\000s\000u\000r\000e\000m\000e\000n\000t\000s}{chapter.23}% 392
\BOOKMARK [2][-]{subsection.23.1.1}{\376\377\000P\000r\000o\000j\000e\000c\000t\000i\000o\000n\000-\000V\000a\000l\000u\000e\000d\000\040\000M\000e\000a\000s\000u\000r\000e\000s}{section.23.1}% 393
\BOOKMARK [2][-]{subsection.23.1.2}{\376\377\000M\000e\000a\000s\000u\000r\000e\000m\000e\000n\000t\000\040\000i\000n\000\040\000t\000h\000e\000\040\000I\000d\000e\000a\000\040\000B\000a\000s\000i\000s}{section.23.1}% 394
\BOOKMARK [2][-]{subsection.23.1.3}{\376\377\000P\000o\000s\000t\000-\000M\000e\000a\000s\000u\000r\000e\000m\000e\000n\000t\000\040\000S\000t\000a\000t\000e\000\040\000C\000o\000l\000l\000a\000p\000s\000e}{section.23.1}% 395
\BOOKMARK [2][-]{subsection.23.1.4}{\376\377\000M\000e\000a\000s\000u\000r\000e\000m\000e\000n\000t\000\040\000o\000n\000\040\000B\000i\000p\000a\000r\000t\000i\000t\000e\000\040\000S\000t\000a\000t\000e\000s}{section.23.1}% 396
\BOOKMARK [1][-]{section.23.2}{\376\377\000P\000O\000V\000M\000\040\000M\000e\000a\000s\000u\000r\000e\000m\000e\000n\000t\000s}{chapter.23}% 397
\BOOKMARK [2][-]{subsection.23.2.1}{\376\377\000P\000O\000V\000M\000\040\000D\000e\000f\000i\000n\000i\000t\000i\000o\000n\000\040\000a\000n\000d\000\040\000P\000r\000o\000p\000e\000r\000t\000i\000e\000s}{section.23.2}% 398
\BOOKMARK [2][-]{subsection.23.2.2}{\376\377\000P\000O\000V\000M\000\040\000f\000r\000o\000m\000\040\000K\000r\000a\000u\000s\000\040\000O\000p\000e\000r\000a\000t\000o\000r\000s}{section.23.2}% 399
\BOOKMARK [2][-]{subsection.23.2.3}{\376\377\000I\000m\000p\000o\000r\000t\000a\000n\000t\000\040\000P\000O\000V\000M\000s\000\040\000f\000o\000r\000\040\000T\000K\000S}{section.23.2}% 400
\BOOKMARK [2][-]{subsection.23.2.4}{\376\377\000N\000e\000u\000m\000a\000r\000k\000'\000s\000\040\000D\000i\000l\000a\000t\000i\000o\000n\000\040\000T\000h\000e\000o\000r\000e\000m}{section.23.2}% 401
\BOOKMARK [1][-]{section.23.3}{\376\377\000N\000o\000e\000t\000i\000c\000\040\000O\000b\000s\000e\000r\000v\000a\000b\000l\000e\000s}{chapter.23}% 402
\BOOKMARK [2][-]{subsection.23.3.1}{\376\377\000G\000e\000n\000e\000r\000a\000l\000\040\000O\000b\000s\000e\000r\000v\000a\000b\000l\000e\000\040\000T\000h\000e\000o\000r\000y}{section.23.3}% 403
\BOOKMARK [2][-]{subsection.23.3.2}{\376\377\000W\000o\000r\000l\000d\000\040\000O\000b\000s\000e\000r\000v\000a\000b\000l\000e}{section.23.3}% 404
\BOOKMARK [2][-]{subsection.23.3.3}{\376\377\000E\000l\000e\000m\000e\000n\000t\000\040\000O\000b\000s\000e\000r\000v\000a\000b\000l\000e}{section.23.3}% 405
\BOOKMARK [2][-]{subsection.23.3.4}{\376\377\000N\000o\000e\000t\000i\000c\000-\000I\000n\000d\000u\000c\000e\000d\000\040\000O\000b\000s\000e\000r\000v\000a\000b\000l\000e\000s}{section.23.3}% 406
\BOOKMARK [2][-]{subsection.23.3.5}{\376\377\000C\000o\000m\000p\000a\000t\000i\000b\000l\000e\000\040\000a\000n\000d\000\040\000I\000n\000c\000o\000m\000p\000a\000t\000i\000b\000l\000e\000\040\000O\000b\000s\000e\000r\000v\000a\000b\000l\000e\000s}{section.23.3}% 407
\BOOKMARK [1][-]{section.23.4}{\376\377\000M\000e\000a\000s\000u\000r\000e\000m\000e\000n\000t\000\040\000D\000i\000s\000t\000u\000r\000b\000a\000n\000c\000e}{chapter.23}% 408
\BOOKMARK [2][-]{subsection.23.4.1}{\376\377\000S\000t\000a\000t\000e\000\040\000D\000i\000s\000t\000u\000r\000b\000a\000n\000c\000e}{section.23.4}% 409
\BOOKMARK [2][-]{subsection.23.4.2}{\376\377\000M\000e\000a\000s\000u\000r\000e\000m\000e\000n\000t\000\040\000B\000a\000c\000k\000-\000A\000c\000t\000i\000o\000n\000\040\000o\000n\000\040\000E\000n\000t\000a\000n\000g\000l\000e\000d\000\040\000S\000t\000a\000t\000e\000s}{section.23.4}% 410
\BOOKMARK [2][-]{subsection.23.4.3}{\376\377\000Q\000u\000a\000n\000t\000u\000m\000\040\000Z\000e\000n\000o\000\040\000E\000f\000f\000e\000c\000t}{section.23.4}% 411
\BOOKMARK [1][-]{section.23.5}{\376\377\000W\000e\000a\000k\000\040\000M\000e\000a\000s\000u\000r\000e\000m\000e\000n\000t\000s}{chapter.23}% 412
\BOOKMARK [2][-]{subsection.23.5.1}{\376\377\000W\000e\000a\000k\000\040\000M\000e\000a\000s\000u\000r\000e\000m\000e\000n\000t\000\040\000F\000o\000r\000m\000a\000l\000i\000s\000m}{section.23.5}% 413
\BOOKMARK [2][-]{subsection.23.5.2}{\376\377\000W\000e\000a\000k\000\040\000V\000a\000l\000u\000e\000s\000\040\000i\000n\000\040\000T\000K\000S\000\040\000C\000o\000n\000t\000e\000x\000t}{section.23.5}% 414
\BOOKMARK [2][-]{subsection.23.5.3}{\376\377\000W\000e\000a\000k\000\040\000M\000e\000a\000s\000u\000r\000e\000m\000e\000n\000t\000\040\000a\000n\000d\000\040\000C\000l\000a\000s\000s\000i\000c\000a\000l\000\040\000T\000K\000S}{section.23.5}% 415
\BOOKMARK [0][-]{chapter.24}{\376\377\000Q\000u\000a\000n\000t\000u\000m\000\040\000N\000o\000e\000t\000i\000c\000\040\000F\000r\000a\000c\000t\000a\000l\000s}{part.4}% 416
\BOOKMARK [1][-]{section.24.1}{\376\377\000Q\000u\000a\000n\000t\000u\000m\000\040\000F\000r\000a\000c\000t\000a\000l\000\040\000O\000p\000e\000r\000a\000t\000o\000r\000s}{chapter.24}% 417
\BOOKMARK [2][-]{subsection.24.1.1}{\376\377\000F\000i\000n\000i\000t\000e\000\040\000Q\000u\000a\000n\000t\000u\000m\000\040\000F\000r\000a\000c\000t\000a\000l\000s}{section.24.1}% 418
\BOOKMARK [2][-]{subsection.24.1.2}{\376\377\000S\000p\000e\000c\000t\000r\000a\000l\000\040\000P\000r\000o\000p\000e\000r\000t\000i\000e\000s\000\040\000o\000f\000\040\000F\000i\000n\000i\000t\000e\000\040\000Q\000u\000a\000n\000t\000u\000m\000\040\000F\000r\000a\000c\000t\000a\000l\000s}{section.24.1}% 419
\BOOKMARK [2][-]{subsection.24.1.3}{\376\377\000Q\000u\000a\000n\000t\000u\000m\000\040\000F\000r\000a\000c\000t\000a\000l\000\040\000A\000l\000g\000e\000b\000r\000a}{section.24.1}% 420
\BOOKMARK [1][-]{section.24.2}{\376\377\000T\000r\000a\000n\000s\000f\000i\000n\000i\000t\000e\000\040\000Q\000u\000a\000n\000t\000u\000m\000\040\000F\000r\000a\000c\000t\000a\000l\000s}{chapter.24}% 421
\BOOKMARK [2][-]{subsection.24.2.1}{\376\377\000O\000r\000d\000i\000n\000a\000l\000-\000I\000n\000d\000e\000x\000e\000d\000\040\000Q\000u\000a\000n\000t\000u\000m\000\040\000O\000p\000e\000r\000a\000t\000o\000r\000s}{section.24.2}% 422
\BOOKMARK [2][-]{subsection.24.2.2}{\376\377\000T\000r\000a\000n\000s\000f\000i\000n\000i\000t\000e\000\040\000O\000p\000e\000r\000a\000t\000o\000r\000\040\000C\000o\000m\000p\000o\000s\000i\000t\000i\000o\000n}{section.24.2}% 423
\BOOKMARK [1][-]{section.24.3}{\376\377\000Q\000u\000a\000n\000t\000u\000m\000\040\000E\000i\000g\000e\000n\000f\000r\000a\000c\000t\000a\000l\000s}{chapter.24}% 424
\BOOKMARK [2][-]{subsection.24.3.1}{\376\377\000E\000i\000g\000e\000n\000s\000t\000a\000t\000e\000s\000\040\000o\000f\000\040\000F\000i\000n\000i\000t\000e\000\040\000F\000r\000a\000c\000t\000a\000l\000s}{section.24.3}% 425
\BOOKMARK [2][-]{subsection.24.3.2}{\376\377\000N\000o\000n\000-\000C\000l\000a\000s\000s\000i\000c\000a\000l\000\040\000E\000i\000g\000e\000n\000f\000r\000a\000c\000t\000a\000l\000s}{section.24.3}% 426
\BOOKMARK [2][-]{subsection.24.3.3}{\376\377\000S\000p\000e\000c\000t\000r\000a\000l\000\040\000D\000e\000c\000o\000m\000p\000o\000s\000i\000t\000i\000o\000n\000\040\000o\000f\000\040\000Q\000u\000a\000n\000t\000u\000m\000\040\000F\000r\000a\000c\000t\000a\000l\000s}{section.24.3}% 427
\BOOKMARK [1][-]{section.24.4}{\376\377\000Q\000u\000a\000n\000t\000u\000m\000\040\000F\000r\000a\000c\000t\000a\000l\000\040\000A\000t\000t\000r\000a\000c\000t\000o\000r\000s}{chapter.24}% 428
\BOOKMARK [2][-]{subsection.24.4.1}{\376\377\000Q\000u\000a\000n\000t\000u\000m\000\040\000I\000t\000e\000r\000a\000t\000e\000d\000\040\000F\000u\000n\000c\000t\000i\000o\000n\000\040\000S\000y\000s\000t\000e\000m\000s}{section.24.4}% 429
\BOOKMARK [2][-]{subsection.24.4.2}{\376\377\000F\000i\000x\000e\000d\000-\000P\000o\000i\000n\000t\000\040\000D\000e\000n\000s\000i\000t\000y\000\040\000M\000a\000t\000r\000i\000c\000e\000s}{section.24.4}% 430
\BOOKMARK [2][-]{subsection.24.4.3}{\376\377\000S\000t\000r\000u\000c\000t\000u\000r\000e\000\040\000o\000f\000\040\000Q\000u\000a\000n\000t\000u\000m\000\040\000A\000t\000t\000r\000a\000c\000t\000o\000r\000s}{section.24.4}% 431
\BOOKMARK [1][-]{section.24.5}{\376\377\000D\000e\000c\000o\000h\000e\000r\000e\000n\000c\000e\000\040\000a\000n\000d\000\040\000F\000r\000a\000c\000t\000a\000l\000\040\000D\000y\000n\000a\000m\000i\000c\000s}{chapter.24}% 432
\BOOKMARK [2][-]{subsection.24.5.1}{\376\377\000D\000e\000c\000o\000h\000e\000r\000e\000n\000c\000e\000\040\000C\000h\000a\000n\000n\000e\000l\000s}{section.24.5}% 433
\BOOKMARK [2][-]{subsection.24.5.2}{\376\377\000D\000e\000c\000o\000h\000e\000r\000e\000d\000\040\000Q\000u\000a\000n\000t\000u\000m\000\040\000F\000r\000a\000c\000t\000a\000l\000s}{section.24.5}% 434
\BOOKMARK [2][-]{subsection.24.5.3}{\376\377\000E\000n\000v\000i\000r\000o\000n\000m\000e\000n\000t\000-\000I\000n\000d\000u\000c\000e\000d\000\040\000S\000u\000p\000e\000r\000s\000e\000l\000e\000c\000t\000i\000o\000n}{section.24.5}% 435
\BOOKMARK [2][-]{subsection.24.5.4}{\376\377\000D\000e\000c\000o\000h\000e\000r\000e\000n\000c\000e\000\040\000T\000i\000m\000e\000\040\000S\000c\000a\000l\000e\000s}{section.24.5}% 436
\BOOKMARK [1][-]{section.24.6}{\376\377\000Q\000u\000a\000n\000t\000u\000m\000-\000C\000l\000a\000s\000s\000i\000c\000a\000l\000\040\000C\000o\000r\000r\000e\000s\000p\000o\000n\000d\000e\000n\000c\000e}{chapter.24}% 437
\BOOKMARK [2][-]{subsection.24.6.1}{\376\377\000E\000h\000r\000e\000n\000f\000e\000s\000t\000\040\000T\000h\000e\000o\000r\000e\000m\000\040\000f\000o\000r\000\040\000N\000o\000e\000t\000i\000c\000\040\000F\000r\000a\000c\000t\000a\000l\000s}{section.24.6}% 438
\BOOKMARK [2][-]{subsection.24.6.2}{\376\377\000C\000o\000r\000r\000e\000s\000p\000o\000n\000d\000e\000n\000c\000e\000\040\000C\000o\000n\000d\000i\000t\000i\000o\000n\000s}{section.24.6}% 439
\BOOKMARK [2][-]{subsection.24.6.3}{\376\377\000M\000a\000i\000n\000\040\000C\000o\000r\000r\000e\000s\000p\000o\000n\000d\000e\000n\000c\000e\000\040\000T\000h\000e\000o\000r\000e\000m}{section.24.6}% 440
\BOOKMARK [-1][-]{part.5}{\376\377\000V\000\040\000N\000o\000e\000t\000i\000c\000\040\000M\000e\000t\000a\000-\000S\000y\000s\000t\000e\000m\000:\000\040\0002\000-\000C\000a\000t\000e\000g\000o\000r\000i\000e\000s\000\040\000a\000n\000d\000\040\000T\000o\000p\000o\000i\000\040\000\050\000v\0007\000.\0003\000\051}{}% 441
\BOOKMARK [0][-]{chapter.25}{\376\377\0002\000-\000C\000a\000t\000e\000g\000o\000r\000i\000c\000a\000l\000\040\000S\000t\000r\000u\000c\000t\000u\000r\000e\000\040\000o\000f\000\040\000T\000K\000S}{part.5}% 442
\BOOKMARK [1][-]{section.25.1}{\376\377\000R\000e\000v\000i\000e\000w\000:\000\040\000M\000o\000n\000o\000i\000d\000a\000l\000\040\0002\000-\000C\000a\000t\000e\000g\000o\000r\000i\000e\000s\000\040\000f\000r\000o\000m\000\040\000v\0007\000.\0002}{chapter.25}% 443
\BOOKMARK [1][-]{section.25.2}{\376\377\000T\000K\000S\000\040\000a\000s\000\040\000a\000\040\0002\000-\000C\000a\000t\000e\000g\000o\000r\000y\000:\000\040\000O\000v\000e\000r\000v\000i\000e\000w}{chapter.25}% 444
\BOOKMARK [2][-]{subsection.25.2.1}{\376\377\000O\000b\000j\000e\000c\000t\000s\000:\000\040\000S\000e\000m\000a\000n\000t\000i\000c\000\040\000D\000o\000m\000a\000i\000n\000s\000\040\000a\000n\000d\000\040\000W\000o\000r\000l\000d\000s}{section.25.2}% 445
\BOOKMARK [2][-]{subsection.25.2.2}{\376\377\0001\000-\000M\000o\000r\000p\000h\000i\000s\000m\000s\000:\000\040\000N\000o\000e\000t\000i\000c\000\040\000T\000r\000a\000n\000s\000f\000o\000r\000m\000a\000t\000i\000o\000n\000s\000,\000\040\000A\000C\000B\000E\000\040\000M\000a\000p\000s\000,\000\040\000a\000n\000d\000\040\000R\000P\000M\000\040\000F\000l\000o\000w\000s}{section.25.2}% 446
\BOOKMARK [2][-]{subsection.25.2.3}{\376\377\0002\000-\000M\000o\000r\000p\000h\000i\000s\000m\000s\000:\000\040\000N\000a\000t\000u\000r\000a\000l\000\040\000T\000r\000a\000n\000s\000f\000o\000r\000m\000a\000t\000i\000o\000n\000s\000\040\000a\000n\000d\000\040\000F\000r\000a\000c\000t\000a\000l\000\040\000E\000v\000o\000l\000u\000t\000i\000o\000n}{section.25.2}% 447
\BOOKMARK [2][-]{subsection.25.2.4}{\376\377\000D\000i\000a\000g\000r\000a\000m\000m\000a\000t\000i\000c\000\040\000O\000v\000e\000r\000v\000i\000e\000w}{section.25.2}% 448
\BOOKMARK [2][-]{subsection.25.2.5}{\376\377\000U\000n\000i\000f\000i\000c\000a\000t\000i\000o\000n\000\040\000S\000u\000m\000m\000a\000r\000y}{section.25.2}% 449
\BOOKMARK [1][-]{section.25.3}{\376\377\000B\000i\000c\000a\000t\000e\000g\000o\000r\000i\000c\000a\000l\000\040\000C\000o\000h\000e\000r\000e\000n\000c\000e\000\040\000i\000n\000\040\000T\000K\000S}{chapter.25}% 450
\BOOKMARK [2][-]{subsection.25.3.1}{\376\377\000W\000h\000y\000\040\000T\000K\000S\000\040\000i\000s\000\040\000a\000\040\000B\000i\000c\000a\000t\000e\000g\000o\000r\000y}{section.25.3}% 451
\BOOKMARK [2][-]{subsection.25.3.2}{\376\377\000C\000o\000h\000e\000r\000e\000n\000c\000e\000\040\000C\000o\000n\000d\000i\000t\000i\000o\000n\000s}{section.25.3}% 452
\BOOKMARK [2][-]{subsection.25.3.3}{\376\377\000M\000a\000c\000\040\000L\000a\000n\000e\000'\000s\000\040\000C\000o\000h\000e\000r\000e\000n\000c\000e\000\040\000T\000h\000e\000o\000r\000e\000m\000\040\000f\000o\000r\000\040\000T\000K\000S}{section.25.3}% 453
\BOOKMARK [2][-]{subsection.25.3.4}{\376\377\000C\000o\000h\000e\000r\000e\000n\000c\000e\000\040\000E\000x\000a\000m\000p\000l\000e\000:\000\040\000A\000C\000B\000E\000\040\000C\000a\000s\000c\000a\000d\000e\000\040\000C\000o\000m\000p\000o\000s\000i\000t\000i\000o\000n}{section.25.3}% 454
\BOOKMARK [2][-]{subsection.25.3.5}{\376\377\000S\000u\000m\000m\000a\000r\000y\000:\000\040\000B\000i\000c\000a\000t\000e\000g\000o\000r\000i\000c\000a\000l\000\040\000S\000t\000r\000u\000c\000t\000u\000r\000e}{section.25.3}% 455
\BOOKMARK [1][-]{section.25.4}{\376\377\0002\000-\000F\000u\000n\000c\000t\000o\000r\000s\000\040\000B\000e\000t\000w\000e\000e\000n\000\040\000T\000K\000S\000\040\000S\000t\000r\000u\000c\000t\000u\000r\000e\000s}{chapter.25}% 456
\BOOKMARK [1][-]{section.25.5}{\376\377\0002\000-\000N\000a\000t\000u\000r\000a\000l\000\040\000T\000r\000a\000n\000s\000f\000o\000r\000m\000a\000t\000i\000o\000n\000s}{chapter.25}% 457
\BOOKMARK [0][-]{chapter.26}{\376\377\000L\000a\000x\000\040\000a\000n\000d\000\040\000P\000s\000e\000u\000d\000o\000-\000F\000u\000n\000c\000t\000o\000r\000s\000\040\000i\000n\000\040\000T\000K\000S}{part.5}% 458
\BOOKMARK [1][-]{section.26.1}{\376\377\000L\000a\000x\000\040\0002\000-\000F\000u\000n\000c\000t\000o\000r\000s}{chapter.26}% 459
\BOOKMARK [1][-]{section.26.2}{\376\377\000P\000s\000e\000u\000d\000o\000-\000F\000u\000n\000c\000t\000o\000r\000s\000\040\000\050\000H\000o\000m\000o\000m\000o\000r\000p\000h\000i\000s\000m\000s\000\051}{chapter.26}% 460
\BOOKMARK [1][-]{section.26.3}{\376\377\000N\000o\000e\000t\000i\000c\000\040\000P\000s\000e\000u\000d\000o\000-\000F\000u\000n\000c\000t\000o\000r\000s}{chapter.26}% 461
\BOOKMARK [1][-]{section.26.4}{\376\377\000C\000o\000h\000e\000r\000e\000n\000c\000e\000\040\000C\000o\000n\000d\000i\000t\000i\000o\000n\000s\000\040\000f\000o\000r\000\040\000L\000a\000x\000/\000P\000s\000e\000u\000d\000o\000-\000F\000u\000n\000c\000t\000o\000r\000s}{chapter.26}% 462
\BOOKMARK [1][-]{section.26.5}{\376\377\000A\000C\000B\000E\000\040\000a\000s\000\040\000a\000\040\000P\000s\000e\000u\000d\000o\000-\000F\000u\000n\000c\000t\000o\000r}{chapter.26}% 463
\BOOKMARK [2][-]{subsection.26.5.1}{\376\377\000S\000o\000u\000r\000c\000e\000\040\000a\000n\000d\000\040\000T\000a\000r\000g\000e\000t\000\040\0002\000-\000C\000a\000t\000e\000g\000o\000r\000i\000e\000s}{section.26.5}% 464
\BOOKMARK [2][-]{subsection.26.5.2}{\376\377\000T\000h\000e\000\040\000A\000C\000B\000E\000\040\000P\000s\000e\000u\000d\000o\000-\000F\000u\000n\000c\000t\000o\000r\000\040\000S\000t\000r\000u\000c\000t\000u\000r\000e}{section.26.5}% 465
\BOOKMARK [2][-]{subsection.26.5.3}{\376\377\000C\000o\000m\000p\000a\000r\000i\000s\000o\000n\000\040\0002\000-\000C\000e\000l\000l\000s\000\040\000f\000o\000r\000\040\000A\000C\000B\000E}{section.26.5}% 466
\BOOKMARK [1][-]{section.26.6}{\376\377\000R\000P\000M\000\040\000a\000s\000\040\000a\000\040\000L\000a\000x\000\040\0002\000-\000F\000u\000n\000c\000t\000o\000r}{chapter.26}% 467
\BOOKMARK [2][-]{subsection.26.6.1}{\376\377\000T\000h\000e\000\040\000R\000P\000M\000\040\000M\000o\000n\000a\000d\000\040\000i\000n\000\040\0002\000-\000C\000a\000t\000e\000g\000o\000r\000i\000c\000a\000l\000\040\000T\000e\000r\000m\000s}{section.26.6}% 468
\BOOKMARK [2][-]{subsection.26.6.2}{\376\377\000K\000l\000e\000i\000s\000l\000i\000\040\000C\000o\000n\000s\000t\000r\000u\000c\000t\000i\000o\000n\000\040\000i\000n\000\040\0002\000-\000C\000a\000t\000e\000g\000o\000r\000i\000e\000s}{section.26.6}% 469
\BOOKMARK [2][-]{subsection.26.6.3}{\376\377\000C\000o\000m\000p\000a\000r\000i\000s\000o\000n\000:\000\040\000A\000C\000B\000E\000\040\000v\000s\000\040\000R\000P\000M\000\040\000F\000u\000n\000c\000t\000o\000r\000i\000a\000l\000i\000t\000y}{section.26.6}% 470
\BOOKMARK [1][-]{section.26.7}{\376\377\000M\000a\000s\000t\000e\000r\000\040\000C\000o\000h\000e\000r\000e\000n\000c\000e\000\040\000P\000r\000o\000p\000o\000s\000i\000t\000i\000o\000n}{chapter.26}% 471
\BOOKMARK [0][-]{chapter.27}{\376\377\000T\000h\000e\000\040\000N\000o\000e\000t\000i\000c\000\040\000T\000o\000p\000o\000s}{part.5}% 472
\BOOKMARK [1][-]{section.27.1}{\376\377\000T\000o\000p\000o\000s\000\040\000F\000o\000u\000n\000d\000a\000t\000i\000o\000n\000s}{chapter.27}% 473
\BOOKMARK [2][-]{subsection.27.1.1}{\376\377\000E\000l\000e\000m\000e\000n\000t\000a\000r\000y\000\040\000T\000o\000p\000o\000s\000:\000\040\000D\000e\000f\000i\000n\000i\000t\000i\000o\000n}{section.27.1}% 474
\BOOKMARK [2][-]{subsection.27.1.2}{\376\377\000G\000r\000o\000t\000h\000e\000n\000d\000i\000e\000c\000k\000\040\000T\000o\000p\000o\000i\000:\000\040\000S\000h\000e\000a\000v\000e\000s\000\040\000o\000n\000\040\000a\000\040\000S\000i\000t\000e}{section.27.1}% 475
\BOOKMARK [2][-]{subsection.27.1.3}{\376\377\000W\000h\000y\000\040\000T\000K\000S\000\040\000F\000o\000r\000m\000s\000\040\000a\000\040\000T\000o\000p\000o\000s}{section.27.1}% 476
\BOOKMARK [1][-]{section.27.2}{\376\377\000C\000o\000n\000s\000t\000r\000u\000c\000t\000i\000o\000n\000\040\000o\000f\000\040\000t\000h\000e\000\040\000N\000o\000e\000t\000i\000c\000\040\000T\000o\000p\000o\000s}{chapter.27}% 477
\BOOKMARK [2][-]{subsection.27.2.1}{\376\377\000T\000h\000e\000\040\000N\000o\000e\000t\000i\000c\000\040\000S\000i\000t\000e}{section.27.2}% 478
\BOOKMARK [2][-]{subsection.27.2.2}{\376\377\000T\000h\000e\000\040\000N\000o\000e\000t\000i\000c\000\040\000T\000o\000p\000o\000s}{section.27.2}% 479
\BOOKMARK [2][-]{subsection.27.2.3}{\376\377\000O\000b\000j\000e\000c\000t\000s\000\040\000o\000f\000\040\000t\000h\000e\000\040\000N\000o\000e\000t\000i\000c\000\040\000T\000o\000p\000o\000s}{section.27.2}% 480
\BOOKMARK [1][-]{section.27.3}{\376\377\000S\000u\000b\000o\000b\000j\000e\000c\000t\000\040\000C\000l\000a\000s\000s\000i\000f\000i\000e\000r}{chapter.27}% 481
\BOOKMARK [2][-]{subsection.27.3.1}{\376\377\000C\000o\000n\000s\000t\000r\000u\000c\000t\000i\000o\000n\000\040\000o\000f\000\040\000t\000h\000e\000\040\000S\000u\000b\000o\000b\000j\000e\000c\000t\000\040\000C\000l\000a\000s\000s\000i\000f\000i\000e\000r}{section.27.3}% 482
\BOOKMARK [2][-]{subsection.27.3.2}{\376\377\000N\000o\000e\000t\000i\000c\000\040\000T\000r\000u\000t\000h\000\040\000V\000a\000l\000u\000e\000s}{section.27.3}% 483
\BOOKMARK [2][-]{subsection.27.3.3}{\376\377\000C\000h\000a\000r\000a\000c\000t\000e\000r\000i\000s\000t\000i\000c\000\040\000M\000o\000r\000p\000h\000i\000s\000m\000s\000\040\000f\000o\000r\000\040\000N\000o\000e\000t\000i\000c\000\040\000P\000r\000e\000d\000i\000c\000a\000t\000e\000s}{section.27.3}% 484
\BOOKMARK [1][-]{section.27.4}{\376\377\000I\000n\000t\000e\000r\000n\000a\000l\000\040\000L\000o\000g\000i\000c\000\040\000o\000f\000\040\000t\000h\000e\000\040\000N\000o\000e\000t\000i\000c\000\040\000T\000o\000p\000o\000s}{chapter.27}% 485
\BOOKMARK [2][-]{subsection.27.4.1}{\376\377\000I\000n\000t\000u\000i\000t\000i\000o\000n\000i\000s\000t\000i\000c\000\040\000L\000o\000g\000i\000c}{section.27.4}% 486
\BOOKMARK [2][-]{subsection.27.4.2}{\376\377\000I\000n\000t\000e\000r\000p\000r\000e\000t\000a\000t\000i\000o\000n\000\040\000o\000f\000\040\000L\000o\000g\000i\000c\000a\000l\000\040\000C\000o\000n\000n\000e\000c\000t\000i\000v\000e\000s}{section.27.4}% 487
\BOOKMARK [2][-]{subsection.27.4.3}{\376\377\000E\000m\000b\000e\000d\000d\000i\000n\000g\000\040\000C\000l\000a\000s\000s\000i\000c\000a\000l\000\040\000T\000K\000S\000\040\000P\000r\000o\000p\000o\000s\000i\000t\000i\000o\000n\000s}{section.27.4}% 488
\BOOKMARK [1][-]{section.27.5}{\376\377\000G\000e\000o\000m\000e\000t\000r\000i\000c\000\040\000M\000o\000r\000p\000h\000i\000s\000m\000s}{chapter.27}% 489
\BOOKMARK [2][-]{subsection.27.5.1}{\376\377\000D\000e\000f\000i\000n\000i\000t\000i\000o\000n\000\040\000a\000n\000d\000\040\000B\000a\000s\000i\000c\000\040\000P\000r\000o\000p\000e\000r\000t\000i\000e\000s}{section.27.5}% 490
\BOOKMARK [2][-]{subsection.27.5.2}{\376\377\000W\000o\000r\000l\000d\000-\000T\000o\000p\000o\000i\000\040\000a\000n\000d\000\040\000A\000C\000B\000E\000-\000I\000n\000d\000u\000c\000e\000d\000\040\000M\000o\000r\000p\000h\000i\000s\000m\000s}{section.27.5}% 491
\BOOKMARK [2][-]{subsection.27.5.3}{\376\377\000E\000s\000s\000e\000n\000t\000i\000a\000l\000\040\000G\000e\000o\000m\000e\000t\000r\000i\000c\000\040\000M\000o\000r\000p\000h\000i\000s\000m\000s}{section.27.5}% 492
\BOOKMARK [2][-]{subsection.27.5.4}{\376\377\000P\000o\000i\000n\000t\000s\000\040\000o\000f\000\040\000t\000h\000e\000\040\000N\000o\000e\000t\000i\000c\000\040\000T\000o\000p\000o\000s}{section.27.5}% 493
\BOOKMARK [1][-]{section.27.6}{\376\377\000S\000u\000m\000m\000a\000r\000y\000\040\000a\000n\000d\000\040\000C\000o\000n\000n\000e\000c\000t\000i\000o\000n\000s}{chapter.27}% 494
\BOOKMARK [0][-]{chapter.28}{\376\377\000I\000n\000t\000e\000r\000n\000a\000l\000\040\000L\000a\000n\000g\000u\000a\000g\000e\000\040\000o\000f\000\040\000t\000h\000e\000\040\000N\000o\000e\000t\000i\000c\000\040\000T\000o\000p\000o\000s}{part.5}% 495
\BOOKMARK [1][-]{section.28.1}{\376\377\000T\000y\000p\000e\000\040\000T\000h\000e\000o\000r\000y\000\040\000a\000n\000d\000\040\000T\000o\000p\000o\000i\000:\000\040\000T\000h\000e\000\040\000C\000o\000r\000r\000e\000s\000p\000o\000n\000d\000e\000n\000c\000e}{chapter.28}% 496
\BOOKMARK [2][-]{subsection.28.1.1}{\376\377\000H\000i\000s\000t\000o\000r\000i\000c\000a\000l\000\040\000C\000o\000n\000t\000e\000x\000t}{section.28.1}% 497
\BOOKMARK [2][-]{subsection.28.1.2}{\376\377\000T\000h\000e\000\040\000G\000e\000n\000e\000r\000a\000l\000\040\000F\000r\000a\000m\000e\000w\000o\000r\000k}{section.28.1}% 498
\BOOKMARK [1][-]{section.28.2}{\376\377\000T\000y\000p\000e\000s\000\040\000a\000s\000\040\000O\000b\000j\000e\000c\000t\000s}{chapter.28}% 499
\BOOKMARK [2][-]{subsection.28.2.1}{\376\377\000B\000a\000s\000e\000\040\000T\000y\000p\000e\000s}{section.28.2}% 500
\BOOKMARK [2][-]{subsection.28.2.2}{\376\377\000T\000y\000p\000e\000\040\000C\000o\000n\000s\000t\000r\000u\000c\000t\000o\000r\000s}{section.28.2}% 501
\BOOKMARK [2][-]{subsection.28.2.3}{\376\377\000W\000o\000r\000l\000d\000-\000I\000n\000d\000e\000x\000e\000d\000\040\000T\000y\000p\000e\000s}{section.28.2}% 502
\BOOKMARK [1][-]{section.28.3}{\376\377\000T\000e\000r\000m\000s\000\040\000a\000s\000\040\000M\000o\000r\000p\000h\000i\000s\000m\000s}{chapter.28}% 503
\BOOKMARK [2][-]{subsection.28.3.1}{\376\377\000C\000o\000n\000t\000e\000x\000t\000s\000\040\000a\000n\000d\000\040\000S\000u\000b\000s\000t\000i\000t\000u\000t\000i\000o\000n}{section.28.3}% 504
\BOOKMARK [2][-]{subsection.28.3.2}{\376\377\000I\000n\000t\000r\000o\000d\000u\000c\000t\000i\000o\000n\000\040\000a\000n\000d\000\040\000E\000l\000i\000m\000i\000n\000a\000t\000i\000o\000n\000\040\000R\000u\000l\000e\000s}{section.28.3}% 505
\BOOKMARK [2][-]{subsection.28.3.3}{\376\377\000N\000o\000e\000t\000i\000c\000\040\000O\000p\000e\000r\000a\000t\000i\000o\000n\000s\000\040\000a\000s\000\040\000T\000e\000r\000m\000s}{section.28.3}% 506
\BOOKMARK [1][-]{section.28.4}{\376\377\000D\000e\000p\000e\000n\000d\000e\000n\000t\000\040\000T\000y\000p\000e\000s}{chapter.28}% 507
\BOOKMARK [2][-]{subsection.28.4.1}{\376\377\000D\000e\000p\000e\000n\000d\000e\000n\000t\000\040\000T\000y\000p\000e\000s\000\040\000v\000i\000a\000\040\000D\000i\000s\000p\000l\000a\000y\000\040\000M\000a\000p\000s}{section.28.4}% 508
\BOOKMARK [2][-]{subsection.28.4.2}{\376\377\000P\000i\000-\000T\000y\000p\000e\000s\000\040\000\050\000D\000e\000p\000e\000n\000d\000e\000n\000t\000\040\000F\000u\000n\000c\000t\000i\000o\000n\000\040\000T\000y\000p\000e\000s\000\051}{section.28.4}% 509
\BOOKMARK [2][-]{subsection.28.4.3}{\376\377\000S\000i\000g\000m\000a\000-\000T\000y\000p\000e\000s\000\040\000\050\000D\000e\000p\000e\000n\000d\000e\000n\000t\000\040\000P\000a\000i\000r\000\040\000T\000y\000p\000e\000s\000\051}{section.28.4}% 510
\BOOKMARK [2][-]{subsection.28.4.4}{\376\377\000I\000d\000e\000n\000t\000i\000t\000y\000\040\000T\000y\000p\000e\000s}{section.28.4}% 511
\BOOKMARK [1][-]{section.28.5}{\376\377\000P\000r\000o\000p\000o\000s\000i\000t\000i\000o\000n\000s\000\040\000a\000s\000\040\000T\000y\000p\000e\000s}{chapter.28}% 512
\BOOKMARK [2][-]{subsection.28.5.1}{\376\377\000T\000h\000e\000\040\000C\000u\000r\000r\000y\000-\000H\000o\000w\000a\000r\000d\000\040\000C\000o\000r\000r\000e\000s\000p\000o\000n\000d\000e\000n\000c\000e}{section.28.5}% 513
\BOOKMARK [2][-]{subsection.28.5.2}{\376\377\000C\000o\000n\000n\000e\000c\000t\000i\000o\000n\000\040\000t\000o\000\040\000t\000h\000e\000\040\000S\000u\000b\000o\000b\000j\000e\000c\000t\000\040\000C\000l\000a\000s\000s\000i\000f\000i\000e\000r}{section.28.5}% 514
\BOOKMARK [2][-]{subsection.28.5.3}{\376\377\000P\000r\000o\000o\000f\000\040\000T\000e\000r\000m\000s\000\040\000a\000s\000\040\000M\000o\000r\000p\000h\000i\000s\000m\000s}{section.28.5}% 515
\BOOKMARK [2][-]{subsection.28.5.4}{\376\377\000L\000o\000g\000i\000c\000a\000l\000\040\000O\000p\000e\000r\000a\000t\000i\000o\000n\000s\000\040\000i\000n\000\040\000N\000T\000T}{section.28.5}% 516
\BOOKMARK [1][-]{section.28.6}{\376\377\000N\000o\000e\000t\000i\000c\000\040\000T\000y\000p\000e\000\040\000T\000h\000e\000o\000r\000y\000:\000\040\000T\000y\000p\000i\000n\000g\000\040\000R\000u\000l\000e\000s}{chapter.28}% 517
\BOOKMARK [2][-]{subsection.28.6.1}{\376\377\000J\000u\000d\000g\000m\000e\000n\000t\000s\000\040\000a\000n\000d\000\040\000C\000o\000n\000t\000e\000x\000t\000s}{section.28.6}% 518
\BOOKMARK [2][-]{subsection.28.6.2}{\376\377\000W\000o\000r\000l\000d\000-\000I\000n\000d\000e\000x\000e\000d\000\040\000T\000y\000p\000i\000n\000g}{section.28.6}% 519
\BOOKMARK [2][-]{subsection.28.6.3}{\376\377\000N\000o\000e\000t\000i\000c\000\040\000O\000p\000e\000r\000a\000t\000o\000r\000\040\000T\000y\000p\000i\000n\000g}{section.28.6}% 520
\BOOKMARK [2][-]{subsection.28.6.4}{\376\377\000A\000C\000B\000E\000\040\000D\000e\000s\000c\000e\000n\000t\000\040\000T\000y\000p\000i\000n\000g}{section.28.6}% 521
\BOOKMARK [2][-]{subsection.28.6.5}{\376\377\000R\000P\000M\000\040\000M\000o\000n\000a\000d\000\040\000T\000y\000p\000i\000n\000g}{section.28.6}% 522
\BOOKMARK [1][-]{section.28.7}{\376\377\000S\000o\000u\000n\000d\000n\000e\000s\000s\000\040\000o\000f\000\040\000N\000o\000e\000t\000i\000c\000\040\000T\000y\000p\000e\000\040\000T\000h\000e\000o\000r\000y}{chapter.28}% 523
\BOOKMARK [2][-]{subsection.28.7.1}{\376\377\000I\000n\000t\000e\000r\000p\000r\000e\000t\000a\000t\000i\000o\000n\000\040\000F\000u\000n\000c\000t\000i\000o\000n}{section.28.7}% 524
\BOOKMARK [2][-]{subsection.28.7.2}{\376\377\000S\000o\000u\000n\000d\000n\000e\000s\000s\000\040\000T\000h\000e\000o\000r\000e\000m}{section.28.7}% 525
\BOOKMARK [1][-]{section.28.8}{\376\377\000C\000o\000n\000n\000e\000c\000t\000i\000o\000n\000\040\000t\000o\000\040\000C\000o\000m\000p\000i\000l\000e\000r\000\040\000T\000r\000a\000c\000k}{chapter.28}% 526
\BOOKMARK [2][-]{subsection.28.8.1}{\376\377\000T\000y\000p\000e\000\040\000S\000y\000s\000t\000e\000m\000\040\000C\000o\000r\000r\000e\000s\000p\000o\000n\000d\000e\000n\000c\000e}{section.28.8}% 527
\BOOKMARK [2][-]{subsection.28.8.2}{\376\377\000E\000f\000f\000e\000c\000t\000\040\000S\000y\000s\000t\000e\000m}{section.28.8}% 528
\BOOKMARK [1][-]{section.28.9}{\376\377\000S\000u\000m\000m\000a\000r\000y\000\040\000a\000n\000d\000\040\000C\000o\000n\000n\000e\000c\000t\000i\000o\000n\000s}{chapter.28}% 529
\BOOKMARK [0][-]{chapter.29}{\376\377\000E\000x\000t\000e\000n\000d\000e\000d\000\040\000C\000o\000a\000l\000g\000e\000b\000r\000a\000i\000c\000\040\000D\000y\000n\000a\000m\000i\000c\000s}{part.5}% 530
\BOOKMARK [1][-]{section.29.1}{\376\377\000C\000o\000a\000l\000g\000e\000b\000r\000a\000s\000\040\000f\000o\000r\000\040\000N\000o\000e\000t\000i\000c\000\040\000S\000y\000s\000t\000e\000m\000s}{chapter.29}% 531
\BOOKMARK [2][-]{subsection.29.1.1}{\376\377\000F\000-\000C\000o\000a\000l\000g\000e\000b\000r\000a\000s\000:\000\040\000D\000e\000f\000i\000n\000i\000t\000i\000o\000n}{section.29.1}% 532
\BOOKMARK [2][-]{subsection.29.1.2}{\376\377\000N\000o\000e\000t\000i\000c\000\040\000C\000o\000a\000l\000g\000e\000b\000r\000a\000s}{section.29.1}% 533
\BOOKMARK [2][-]{subsection.29.1.3}{\376\377\000F\000i\000n\000a\000l\000\040\000C\000o\000a\000l\000g\000e\000b\000r\000a}{section.29.1}% 534
\BOOKMARK [1][-]{section.29.2}{\376\377\000B\000i\000s\000i\000m\000u\000l\000a\000t\000i\000o\000n}{chapter.29}% 535
\BOOKMARK [2][-]{subsection.29.2.1}{\376\377\000B\000i\000s\000i\000m\000u\000l\000a\000t\000i\000o\000n\000\040\000R\000e\000l\000a\000t\000i\000o\000n\000s}{section.29.2}% 536
\BOOKMARK [2][-]{subsection.29.2.2}{\376\377\000B\000i\000s\000i\000m\000u\000l\000a\000t\000i\000o\000n\000\040\000f\000o\000r\000\040\000N\000o\000e\000t\000i\000c\000\040\000S\000y\000s\000t\000e\000m\000s}{section.29.2}% 537
\BOOKMARK [2][-]{subsection.29.2.3}{\376\377\000C\000o\000i\000n\000d\000u\000c\000t\000i\000v\000e\000\040\000P\000r\000o\000o\000f\000\040\000P\000r\000i\000n\000c\000i\000p\000l\000e\000s}{section.29.2}% 538
\BOOKMARK [1][-]{section.29.3}{\376\377\000C\000o\000m\000o\000n\000a\000d\000s\000\040\000f\000o\000r\000\040\000D\000y\000n\000a\000m\000i\000c\000s}{chapter.29}% 539
\BOOKMARK [2][-]{subsection.29.3.1}{\376\377\000C\000o\000m\000o\000n\000a\000d\000\040\000D\000e\000f\000i\000n\000i\000t\000i\000o\000n}{section.29.3}% 540
\BOOKMARK [2][-]{subsection.29.3.2}{\376\377\000T\000h\000e\000\040\000N\000o\000e\000t\000i\000c\000\040\000C\000o\000n\000t\000e\000x\000t\000\040\000C\000o\000m\000o\000n\000a\000d}{section.29.3}% 541
\BOOKMARK [2][-]{subsection.29.3.3}{\376\377\000C\000o\000K\000l\000e\000i\000s\000l\000i\000\040\000C\000a\000t\000e\000g\000o\000r\000y\000\040\000a\000n\000d\000\040\000C\000o\000m\000p\000o\000s\000i\000t\000i\000o\000n}{section.29.3}% 542
\BOOKMARK [2][-]{subsection.29.3.4}{\376\377\000C\000o\000m\000o\000n\000a\000d\000-\000C\000o\000a\000l\000g\000e\000b\000r\000a\000\040\000I\000n\000t\000e\000r\000a\000c\000t\000i\000o\000n}{section.29.3}% 543
\BOOKMARK [1][-]{section.29.4}{\376\377\000T\000e\000m\000p\000o\000r\000a\000l\000\040\000L\000o\000g\000i\000c\000\040\000o\000n\000\040\000C\000o\000a\000l\000g\000e\000b\000r\000a\000s}{chapter.29}% 544
\BOOKMARK [2][-]{subsection.29.4.1}{\376\377\000T\000e\000m\000p\000o\000r\000a\000l\000\040\000O\000p\000e\000r\000a\000t\000o\000r\000s}{section.29.4}% 545
\BOOKMARK [2][-]{subsection.29.4.2}{\376\377\000N\000o\000e\000t\000i\000c\000\040\000T\000e\000m\000p\000o\000r\000a\000l\000\040\000F\000o\000r\000m\000u\000l\000a\000s}{section.29.4}% 546
\BOOKMARK [2][-]{subsection.29.4.3}{\376\377\000C\000o\000a\000l\000g\000e\000b\000r\000a\000i\000c\000\040\000S\000e\000m\000a\000n\000t\000i\000c\000s\000\040\000f\000o\000r\000\040\000T\000e\000m\000p\000o\000r\000a\000l\000\040\000L\000o\000g\000i\000c}{section.29.4}% 547
\BOOKMARK [2][-]{subsection.29.4.4}{\376\377\000M\000o\000d\000e\000l\000\040\000C\000h\000e\000c\000k\000i\000n\000g\000\040\000f\000o\000r\000\040\000T\000K\000S}{section.29.4}% 548
\BOOKMARK [1][-]{section.29.5}{\376\377\000C\000o\000a\000l\000g\000e\000b\000r\000a\000s\000\040\000i\000n\000\040\000t\000h\000e\000\040\000N\000o\000e\000t\000i\000c\000\040\000T\000o\000p\000o\000s}{chapter.29}% 549
\BOOKMARK [2][-]{subsection.29.5.1}{\376\377\000I\000n\000t\000e\000r\000n\000a\000l\000\040\000C\000o\000a\000l\000g\000e\000b\000r\000a\000s}{section.29.5}% 550
\BOOKMARK [2][-]{subsection.29.5.2}{\376\377\000I\000n\000t\000e\000r\000n\000a\000l\000\040\000B\000i\000s\000i\000m\000u\000l\000a\000t\000i\000o\000n}{section.29.5}% 551
\BOOKMARK [2][-]{subsection.29.5.3}{\376\377\000I\000n\000t\000e\000r\000n\000a\000l\000\040\000T\000e\000m\000p\000o\000r\000a\000l\000\040\000L\000o\000g\000i\000c}{section.29.5}% 552
\BOOKMARK [2][-]{subsection.29.5.4}{\376\377\000T\000e\000m\000p\000o\000r\000a\000l\000\040\000T\000y\000p\000e\000s\000\040\000i\000n\000\040\000N\000T\000T}{section.29.5}% 553
\BOOKMARK [1][-]{section.29.6}{\376\377\000S\000u\000m\000m\000a\000r\000y\000\040\000a\000n\000d\000\040\000C\000o\000n\000n\000e\000c\000t\000i\000o\000n\000s}{chapter.29}% 554
\BOOKMARK [0][-]{chapter.30}{\376\377\000I\000n\000d\000e\000x\000e\000d\000\040\000a\000n\000d\000\040\000F\000i\000b\000e\000r\000e\000d\000\040\000S\000t\000r\000u\000c\000t\000u\000r\000e\000s}{part.5}% 555
\BOOKMARK [1][-]{section.30.1}{\376\377\000F\000i\000b\000r\000a\000t\000i\000o\000n\000s\000\040\000i\000n\000\040\000T\000K\000S}{chapter.30}% 556
\BOOKMARK [2][-]{subsection.30.1.1}{\376\377\000G\000r\000o\000t\000h\000e\000n\000d\000i\000e\000c\000k\000\040\000F\000i\000b\000r\000a\000t\000i\000o\000n\000s\000:\000\040\000D\000e\000f\000i\000n\000i\000t\000i\000o\000n}{section.30.1}% 557
\BOOKMARK [2][-]{subsection.30.1.2}{\376\377\000T\000h\000e\000\040\000W\000o\000r\000l\000d\000\040\000F\000i\000b\000r\000a\000t\000i\000o\000n}{section.30.1}% 558
\BOOKMARK [2][-]{subsection.30.1.3}{\376\377\000C\000a\000r\000t\000e\000s\000i\000a\000n\000\040\000M\000o\000r\000p\000h\000i\000s\000m\000s\000\040\000a\000n\000d\000\040\000R\000e\000i\000n\000d\000e\000x\000i\000n\000g}{section.30.1}% 559
\BOOKMARK [1][-]{section.30.2}{\376\377\000B\000a\000s\000e\000\040\000C\000h\000a\000n\000g\000e}{chapter.30}% 560
\BOOKMARK [2][-]{subsection.30.2.1}{\376\377\000B\000a\000s\000e\000\040\000C\000h\000a\000n\000g\000e\000\040\000F\000u\000n\000c\000t\000o\000r\000s}{section.30.2}% 561
\BOOKMARK [2][-]{subsection.30.2.2}{\376\377\000B\000e\000c\000k\000-\000C\000h\000e\000v\000a\000l\000l\000e\000y\000\040\000C\000o\000n\000d\000i\000t\000i\000o\000n}{section.30.2}% 562
\BOOKMARK [1][-]{section.30.3}{\376\377\000I\000n\000d\000e\000x\000e\000d\000\040\000C\000a\000t\000e\000g\000o\000r\000i\000e\000s}{chapter.30}% 563
\BOOKMARK [2][-]{subsection.30.3.1}{\376\377\000I\000n\000d\000e\000x\000e\000d\000\040\000C\000a\000t\000e\000g\000o\000r\000i\000e\000s\000:\000\040\000D\000e\000f\000i\000n\000i\000t\000i\000o\000n}{section.30.3}% 564
\BOOKMARK [2][-]{subsection.30.3.2}{\376\377\000E\000q\000u\000i\000v\000a\000l\000e\000n\000c\000e\000\040\000o\000f\000\040\000F\000i\000b\000r\000a\000t\000i\000o\000n\000s\000\040\000a\000n\000d\000\040\000I\000n\000d\000e\000x\000e\000d\000\040\000C\000a\000t\000e\000g\000o\000r\000i\000e\000s}{section.30.3}% 565
\BOOKMARK [2][-]{subsection.30.3.3}{\376\377\000W\000o\000r\000l\000d\000-\000I\000n\000d\000e\000x\000e\000d\000\040\000F\000a\000m\000i\000l\000i\000e\000s\000\040\000o\000f\000\040\000I\000d\000e\000a\000s}{section.30.3}% 566
\BOOKMARK [1][-]{section.30.4}{\376\377\000D\000e\000p\000e\000n\000d\000e\000n\000t\000\040\000T\000y\000p\000e\000s\000\040\000v\000i\000a\000\040\000F\000i\000b\000r\000a\000t\000i\000o\000n\000s}{chapter.30}% 567
\BOOKMARK [2][-]{subsection.30.4.1}{\376\377\000D\000i\000s\000p\000l\000a\000y\000\040\000M\000a\000p\000s}{section.30.4}% 568
\BOOKMARK [2][-]{subsection.30.4.2}{\376\377\000C\000o\000m\000p\000r\000e\000h\000e\000n\000s\000i\000o\000n\000\040\000C\000a\000t\000e\000g\000o\000r\000i\000e\000s}{section.30.4}% 569
\BOOKMARK [2][-]{subsection.30.4.3}{\376\377\000P\000i\000\040\000a\000n\000d\000\040\000S\000i\000g\000m\000a\000\040\000T\000y\000p\000e\000s\000\040\000v\000i\000a\000\040\000A\000d\000j\000o\000i\000n\000t\000s}{section.30.4}% 570
\BOOKMARK [1][-]{section.30.5}{\376\377\000M\000u\000l\000t\000i\000-\000W\000o\000r\000l\000d\000\040\000S\000e\000m\000a\000n\000t\000i\000c\000s}{chapter.30}% 571
\BOOKMARK [2][-]{subsection.30.5.1}{\376\377\000K\000r\000i\000p\000k\000e\000\040\000S\000t\000r\000u\000c\000t\000u\000r\000e\000s\000\040\000f\000o\000r\000\040\000T\000K\000S}{section.30.5}% 572
\BOOKMARK [2][-]{subsection.30.5.2}{\376\377\000M\000o\000d\000a\000l\000\040\000O\000p\000e\000r\000a\000t\000o\000r\000s}{section.30.5}% 573
\BOOKMARK [2][-]{subsection.30.5.3}{\376\377\000S\000h\000e\000a\000f\000\040\000S\000e\000m\000a\000n\000t\000i\000c\000s\000\040\000f\000o\000r\000\040\000M\000o\000d\000a\000l\000\040\000L\000o\000g\000i\000c}{section.30.5}% 574
\BOOKMARK [2][-]{subsection.30.5.4}{\376\377\000C\000o\000n\000n\000e\000c\000t\000i\000o\000n\000\040\000t\000o\000\040\000F\000i\000b\000e\000r\000e\000d\000\040\000S\000t\000r\000u\000c\000t\000u\000r\000e}{section.30.5}% 575
\BOOKMARK [1][-]{section.30.6}{\376\377\000S\000u\000m\000m\000a\000r\000y\000\040\000a\000n\000d\000\040\000C\000o\000n\000n\000e\000c\000t\000i\000o\000n\000s}{chapter.30}% 576
\BOOKMARK [0][-]{chapter.31}{\376\377\000H\000i\000g\000h\000e\000r\000\040\000S\000t\000r\000u\000c\000t\000u\000r\000e\000s\000\040\000a\000n\000d\000\040\000F\000u\000t\000u\000r\000e\000\040\000D\000i\000r\000e\000c\000t\000i\000o\000n\000s}{part.5}% 577
\BOOKMARK [1][-]{section.31.1}{\376\377\000T\000o\000w\000a\000r\000d\000s\000\040\000I\000n\000f\000i\000n\000i\000t\000y\000-\000C\000a\000t\000e\000g\000o\000r\000i\000e\000s}{chapter.31}% 578
\BOOKMARK [2][-]{subsection.31.1.1}{\376\377\000B\000r\000i\000e\000f\000\040\000I\000n\000t\000r\000o\000d\000u\000c\000t\000i\000o\000n\000\040\000t\000o\000\040\000\050\000,\0001\000\051\000-\000C\000a\000t\000e\000g\000o\000r\000i\000e\000s}{section.31.1}% 579
\BOOKMARK [2][-]{subsection.31.1.2}{\376\377\000T\000K\000S\000\040\000a\000s\000\040\000a\000n\000\040\000-\000C\000a\000t\000e\000g\000o\000r\000y}{section.31.1}% 580
\BOOKMARK [2][-]{subsection.31.1.3}{\376\377\000Q\000u\000a\000s\000i\000-\000C\000a\000t\000e\000g\000o\000r\000y\000\040\000M\000o\000d\000e\000l}{section.31.1}% 581
\BOOKMARK [1][-]{section.31.2}{\376\377\000H\000o\000m\000o\000t\000o\000p\000y\000\040\000T\000y\000p\000e\000\040\000T\000h\000e\000o\000r\000y\000\040\000P\000e\000r\000s\000p\000e\000c\000t\000i\000v\000e}{chapter.31}% 582
\BOOKMARK [2][-]{subsection.31.2.1}{\376\377\000I\000d\000e\000n\000t\000i\000t\000y\000\040\000T\000y\000p\000e\000s\000\040\000a\000s\000\040\000N\000o\000e\000t\000i\000c\000\040\000P\000a\000t\000h\000s}{section.31.2}% 583
\BOOKMARK [2][-]{subsection.31.2.2}{\376\377\000U\000n\000i\000v\000a\000l\000e\000n\000c\000e\000\040\000a\000n\000d\000\040\000T\000K\000S}{section.31.2}% 584
\BOOKMARK [2][-]{subsection.31.2.3}{\376\377\000H\000i\000g\000h\000e\000r\000\040\000I\000n\000d\000u\000c\000t\000i\000v\000e\000\040\000T\000y\000p\000e\000s\000\040\000f\000o\000r\000\040\000F\000r\000a\000c\000t\000a\000l\000s}{section.31.2}% 585
\BOOKMARK [1][-]{section.31.3}{\376\377\000D\000i\000r\000e\000c\000t\000e\000d\000\040\000T\000y\000p\000e\000\040\000T\000h\000e\000o\000r\000y}{chapter.31}% 586
\BOOKMARK [2][-]{subsection.31.3.1}{\376\377\000C\000a\000t\000e\000g\000o\000r\000i\000e\000s\000\040\000v\000s\000.\000\040\000G\000r\000o\000u\000p\000o\000i\000d\000s}{section.31.3}% 587
\BOOKMARK [2][-]{subsection.31.3.2}{\376\377\000D\000i\000r\000e\000c\000t\000e\000d\000\040\000H\000o\000T\000T\000\040\000f\000o\000r\000\040\000T\000K\000S}{section.31.3}% 588
\BOOKMARK [1][-]{section.31.4}{\376\377\000S\000y\000n\000t\000h\000e\000t\000i\000c\000\040\000T\000K\000S}{chapter.31}% 589
\BOOKMARK [2][-]{subsection.31.4.1}{\376\377\000A\000x\000i\000o\000m\000s\000\040\000f\000o\000r\000\040\000N\000o\000e\000t\000i\000c\000\040\000S\000p\000a\000c\000e\000s}{section.31.4}% 590
\BOOKMARK [2][-]{subsection.31.4.2}{\376\377\000M\000o\000d\000a\000l\000i\000t\000i\000e\000s\000\040\000f\000o\000r\000\040\000W\000o\000r\000l\000d\000\040\000S\000t\000r\000u\000c\000t\000u\000r\000e}{section.31.4}% 591
\BOOKMARK [2][-]{subsection.31.4.3}{\376\377\000C\000o\000h\000e\000s\000i\000v\000e\000\040\000S\000t\000r\000u\000c\000t\000u\000r\000e}{section.31.4}% 592
\BOOKMARK [1][-]{section.31.5}{\376\377\000U\000n\000i\000f\000i\000c\000a\000t\000i\000o\000n\000\040\000V\000i\000s\000i\000o\000n\000:\000\040\000T\000h\000e\000\040\000T\000K\000S\000\040\000C\000u\000b\000e}{chapter.31}% 593
\BOOKMARK [2][-]{subsection.31.5.1}{\376\377\000T\000h\000e\000\040\000F\000o\000u\000r\000\040\000T\000r\000a\000c\000k\000s}{section.31.5}% 594
\BOOKMARK [2][-]{subsection.31.5.2}{\376\377\000T\000h\000e\000\040\000T\000K\000S\000\040\000C\000u\000b\000e}{section.31.5}% 595
\BOOKMARK [2][-]{subsection.31.5.3}{\376\377\000U\000n\000i\000f\000i\000c\000a\000t\000i\000o\000n\000\040\000P\000r\000i\000n\000c\000i\000p\000l\000e\000s}{section.31.5}% 596
\BOOKMARK [2][-]{subsection.31.5.4}{\376\377\000T\000h\000e\000\040\000M\000e\000t\000a\000\040\000T\000r\000a\000c\000k\000\040\000a\000s\000\040\000O\000r\000g\000a\000n\000i\000z\000i\000n\000g\000\040\000P\000r\000i\000n\000c\000i\000p\000l\000e}{section.31.5}% 597
\BOOKMARK [1][-]{section.31.6}{\376\377\000C\000h\000a\000p\000t\000e\000r\000\040\0007\000\040\000S\000u\000m\000m\000a\000r\000y\000\040\000a\000n\000d\000\040\000v\0007\000.\0003\000\040\000M\000e\000t\000a\000\040\000T\000r\000a\000c\000k\000\040\000H\000a\000n\000d\000o\000f\000f}{chapter.31}% 598
\BOOKMARK [2][-]{subsection.31.6.1}{\376\377\000C\000h\000a\000p\000t\000e\000r\000\040\0007\000\040\000S\000u\000m\000m\000a\000r\000y}{section.31.6}% 599
\BOOKMARK [2][-]{subsection.31.6.2}{\376\377\000C\000o\000m\000p\000l\000e\000t\000e\000\040\000v\0007\000.\0003\000\040\000M\000e\000t\000a\000\040\000T\000r\000a\000c\000k\000\040\000S\000u\000m\000m\000a\000r\000y}{section.31.6}% 600
\BOOKMARK [2][-]{subsection.31.6.3}{\376\377\000K\000e\000y\000\040\000S\000t\000r\000u\000c\000t\000u\000r\000e\000s\000\040\000R\000e\000f\000e\000r\000e\000n\000c\000e}{section.31.6}% 601
\BOOKMARK [2][-]{subsection.31.6.4}{\376\377\000O\000p\000e\000n\000\040\000P\000r\000o\000b\000l\000e\000m\000s}{section.31.6}% 602
\BOOKMARK [2][-]{subsection.31.6.5}{\376\377\000H\000a\000n\000d\000o\000f\000f\000\040\000N\000o\000t\000e\000s\000\040\000f\000o\000r\000\040\000C\000o\000n\000t\000i\000n\000u\000a\000t\000i\000o\000n}{section.31.6}% 603
\BOOKMARK [1][-]{section.31.7}{\376\377\000M\000A\000S\000T\000E\000R\000\040\000H\000A\000N\000D\000O\000F\000F\000:\000\040\000T\000K\000S\000\040\000v\0007\000.\0003\000\040\000t\000o\000\040\000v\0007\000.\0004}{chapter.31}% 604
\BOOKMARK [2][-]{subsection.31.7.1}{\376\377\000v\0007\000.\0003\000\040\000A\000c\000c\000o\000m\000p\000l\000i\000s\000h\000m\000e\000n\000t\000s\000\040\000A\000c\000r\000o\000s\000s\000\040\000A\000l\000l\000\040\000T\000r\000a\000c\000k\000s}{section.31.7}% 605
\BOOKMARK [2][-]{subsection.31.7.2}{\376\377\000W\000h\000a\000t\000\040\000R\000e\000m\000a\000i\000n\000s\000\040\000f\000o\000r\000\040\000v\0007\000.\0004}{section.31.7}% 606
\BOOKMARK [2][-]{subsection.31.7.3}{\376\377\000R\000e\000c\000o\000m\000m\000e\000n\000d\000e\000d\000\040\000N\000e\000x\000t\000\040\000S\000t\000e\000p\000s}{section.31.7}% 607
\BOOKMARK [2][-]{subsection.31.7.4}{\376\377\000F\000i\000l\000e\000\040\000O\000r\000g\000a\000n\000i\000z\000a\000t\000i\000o\000n}{section.31.7}% 608
\BOOKMARK [2][-]{subsection.31.7.5}{\376\377\000V\000e\000r\000s\000i\000o\000n\000\040\000H\000i\000s\000t\000o\000r\000y}{section.31.7}% 609
\BOOKMARK [-1][-]{part.6}{\376\377\000V\000I\000\040\000E\000x\000t\000e\000n\000d\000e\000d\000\040\000T\000r\000a\000n\000s\000f\000i\000n\000i\000t\000e\000\040\000F\000r\000a\000c\000t\000a\000l\000s}{}% 610
\BOOKMARK [0][-]{chapter.32}{\376\377\000L\000a\000r\000g\000e\000\040\000O\000r\000d\000i\000n\000a\000l\000\040\000C\000l\000a\000s\000s\000e\000s\000\040\000f\000o\000r\000\040\000N\000o\000e\000t\000i\000c\000\040\000F\000r\000a\000c\000t\000a\000l\000s}{part.6}% 611
\BOOKMARK [1][-]{section.32.1}{\376\377\000I\000n\000a\000c\000c\000e\000s\000s\000i\000b\000l\000e\000\040\000C\000a\000r\000d\000i\000n\000a\000l\000s\000\040\000i\000n\000\040\000F\000r\000a\000c\000t\000a\000l\000\040\000I\000n\000d\000e\000x\000i\000n\000g}{chapter.32}% 612
\BOOKMARK [1][-]{section.32.2}{\376\377\000T\000h\000e\000\040\000O\000r\000d\000i\000n\000a\000l\000\040\000H\000i\000e\000r\000a\000r\000c\000h\000y\000\040\000H\000O\000r\000d}{chapter.32}% 613
\BOOKMARK [1][-]{section.32.3}{\376\377\000L\000i\000m\000i\000t\000\040\000O\000r\000d\000i\000n\000a\000l\000\040\000F\000r\000a\000c\000t\000a\000l\000\040\000C\000o\000n\000v\000e\000r\000g\000e\000n\000c\000e}{chapter.32}% 614
\BOOKMARK [0][-]{chapter.33}{\376\377\000M\000u\000l\000t\000i\000-\000I\000n\000d\000e\000x\000e\000d\000\040\000F\000r\000a\000c\000t\000a\000l\000\040\000S\000y\000s\000t\000e\000m\000s}{part.6}% 615
\BOOKMARK [1][-]{section.33.1}{\376\377\000D\000e\000f\000i\000n\000i\000t\000i\000o\000n\000\040\000o\000f\000\040}{chapter.33}% 616
\BOOKMARK [1][-]{section.33.2}{\376\377\000P\000r\000o\000d\000u\000c\000t\000\040\000a\000n\000d\000\040\000T\000e\000n\000s\000o\000r\000\040\000F\000r\000a\000c\000t\000a\000l\000s}{chapter.33}% 617
\BOOKMARK [1][-]{section.33.3}{\376\377\000F\000r\000a\000c\000t\000a\000l\000\040\000L\000a\000t\000t\000i\000c\000e\000\040\000S\000t\000r\000u\000c\000t\000u\000r\000e\000s}{chapter.33}% 618
\BOOKMARK [0][-]{chapter.34}{\376\377\000F\000r\000a\000c\000t\000a\000l\000\040\000S\000p\000e\000c\000t\000r\000u\000m\000\040\000T\000h\000e\000o\000r\000y}{part.6}% 619
\BOOKMARK [1][-]{section.34.1}{\376\377\000T\000h\000e\000\040\000F\000r\000a\000c\000t\000a\000l\000\040\000S\000p\000e\000c\000t\000r\000u\000m\000\040}{chapter.34}% 620
\BOOKMARK [1][-]{section.34.2}{\376\377\000S\000p\000e\000c\000t\000r\000a\000l\000\040\000D\000e\000c\000o\000m\000p\000o\000s\000i\000t\000i\000o\000n\000\040\000o\000f\000\040\000F\000r\000a\000c\000t\000a\000l\000\040\000O\000p\000e\000r\000a\000t\000o\000r\000s}{chapter.34}% 621
\BOOKMARK [1][-]{section.34.3}{\376\377\000E\000i\000g\000e\000n\000v\000a\000l\000u\000e\000\040\000P\000r\000o\000b\000l\000e\000m\000s\000\040\000f\000o\000r\000\040\000S\000e\000l\000f\000-\000S\000i\000m\000i\000l\000a\000r\000i\000t\000y}{chapter.34}% 622
\BOOKMARK [0][-]{chapter.35}{\376\377\000F\000u\000n\000c\000t\000o\000r\000i\000a\000l\000\040\000F\000r\000a\000c\000t\000a\000l\000\040\000C\000o\000n\000s\000t\000r\000u\000c\000t\000i\000o\000n\000s}{part.6}% 623
\BOOKMARK [1][-]{section.35.1}{\376\377\000T\000h\000e\000\040\000C\000a\000t\000e\000g\000o\000r\000y\000\040\000F\000r\000a\000c\000\040\000o\000f\000\040\000F\000r\000a\000c\000t\000a\000l\000s}{chapter.35}% 624
\BOOKMARK [1][-]{section.35.2}{\376\377\000F\000r\000a\000c\000t\000a\000l\000\040\000F\000u\000n\000c\000t\000o\000r\000s\000\040\000B\000e\000t\000w\000e\000e\000n\000\040\000W\000o\000r\000l\000d\000\040\000C\000a\000t\000e\000g\000o\000r\000i\000e\000s}{chapter.35}% 625
\BOOKMARK [1][-]{section.35.3}{\376\377\000N\000a\000t\000u\000r\000a\000l\000\040\000T\000r\000a\000n\000s\000f\000o\000r\000m\000a\000t\000i\000o\000n\000s\000\040\000o\000f\000\040\000F\000r\000a\000c\000t\000a\000l\000\040\000S\000y\000s\000t\000e\000m\000s}{chapter.35}% 626
\BOOKMARK [1][-]{section.35.4}{\376\377\000C\000o\000l\000i\000m\000i\000t\000s\000\040\000a\000n\000d\000\040\000L\000i\000m\000i\000t\000s\000\040\000o\000f\000\040\000F\000r\000a\000c\000t\000a\000l\000\040\000D\000i\000a\000g\000r\000a\000m\000s}{chapter.35}% 627
\BOOKMARK [0][-]{chapter.36}{\376\377\000I\000n\000t\000e\000g\000r\000a\000t\000i\000o\000n\000\040\000w\000i\000t\000h\000\040\000v\0007\000.\0003\000\040\000F\000r\000a\000c\000t\000a\000l\000\040\000T\000h\000e\000o\000r\000y}{part.6}% 628
\BOOKMARK [1][-]{section.36.1}{\376\377\000E\000x\000t\000e\000n\000s\000i\000o\000n\000\040\000T\000h\000e\000o\000r\000e\000m\000s\000\040\000f\000r\000o\000m\000\040\000v\0007\000.\0003\000\040\000F\000r\000a\000c\000t\000a\000l\000s}{chapter.36}% 629
\BOOKMARK [1][-]{section.36.2}{\376\377\000C\000o\000m\000p\000a\000t\000i\000b\000i\000l\000i\000t\000y\000\040\000w\000i\000t\000h\000\040\000H\000a\000u\000s\000d\000o\000r\000f\000f\000\040\000D\000i\000m\000e\000n\000s\000i\000o\000n}{chapter.36}% 630
\BOOKMARK [1][-]{section.36.3}{\376\377\000C\000o\000n\000n\000e\000c\000t\000i\000o\000n\000\040\000t\000o\000\040\000F\000r\000a\000c\000t\000a\000l\000\040\000A\000t\000t\000r\000a\000c\000t\000o\000r\000s}{chapter.36}% 631
\BOOKMARK [0][-]{chapter.37}{\376\377\000R\000P\000M\000\040\000D\000e\000p\000e\000n\000d\000e\000n\000c\000y\000\040\000S\000t\000r\000u\000c\000t\000u\000r\000e\000s\000\040\000a\000n\000d\000\040\000W\000o\000r\000l\000d\000\040\000T\000r\000a\000n\000s\000f\000o\000r\000m\000a\000t\000i\000o\000n\000s}{part.6}% 632
\BOOKMARK [1][-]{section.37.1}{\376\377\000T\000h\000e\000\040\000R\000P\000M\000\040\000D\000e\000p\000e\000n\000d\000e\000n\000c\000y\000\040\000T\000e\000n\000s\000o\000r}{chapter.37}% 633
\BOOKMARK [1][-]{section.37.2}{\376\377\000S\000u\000b\000-\000F\000o\000u\000n\000d\000a\000t\000i\000o\000n\000\040\000E\000f\000f\000e\000c\000t\000s\000\040\000o\000n\000\040\000T\000r\000a\000n\000s\000f\000i\000n\000i\000t\000e\000\040\000F\000r\000a\000c\000t\000a\000l\000s}{chapter.37}% 634
\BOOKMARK [1][-]{section.37.3}{\376\377\000S\000u\000b\000-\000F\000o\000u\000n\000d\000a\000t\000i\000o\000n\000s\000\040\000a\000s\000\040\000N\000a\000t\000u\000r\000a\000l\000\040\000T\000r\000a\000n\000s\000f\000o\000r\000m\000a\000t\000i\000o\000n\000s}{chapter.37}% 635
\BOOKMARK [1][-]{section.37.4}{\376\377\000T\000h\000e\000\040\000R\000P\000M\000\040\000D\000e\000p\000e\000n\000d\000e\000n\000c\000y\000\040\000T\000e\000n\000s\000o\000r\000\040\000T\000R\000P\000M}{chapter.37}% 636
\BOOKMARK [1][-]{section.37.5}{\376\377\000A\000C\000B\000E\000\040\000F\000u\000n\000c\000t\000o\000r\000i\000a\000l\000\040\000D\000e\000s\000c\000e\000n\000t}{chapter.37}% 637
\BOOKMARK [0][-]{chapter.38}{\376\377\000N\000o\000e\000t\000i\000c\000\040\000O\000p\000e\000r\000a\000t\000o\000r\000\040\000A\000l\000g\000e\000b\000r\000a\000\040\000a\000n\000d\000\040\000F\000r\000a\000c\000t\000a\000l\000\040\000C\000l\000a\000s\000s\000i\000f\000i\000c\000a\000t\000i\000o\000n}{part.6}% 638
\BOOKMARK [1][-]{section.38.1}{\376\377\000N\000o\000e\000t\000i\000c\040\023\000W\000o\000r\000l\000d\000\040\000I\000n\000t\000e\000r\000a\000c\000t\000i\000o\000n\000\040\000M\000a\000t\000r\000i\000x}{chapter.38}% 639
\BOOKMARK [1][-]{section.38.2}{\376\377\000N\000o\000e\000t\000i\000c\000\040\000D\000u\000a\000l\000i\000t\000y\000\040\000a\000n\000d\000\040\000M\000i\000r\000r\000o\000r\000\040\000A\000l\000g\000e\000b\000r\000a}{chapter.38}% 640
\BOOKMARK [1][-]{section.38.3}{\376\377\000F\000r\000a\000c\000t\000a\000l\000\040\000N\000o\000r\000m\000a\000l\000\040\000F\000o\000r\000m\000s}{chapter.38}% 641
\BOOKMARK [1][-]{section.38.4}{\376\377\000T\000r\000a\000n\000s\000f\000i\000n\000i\000t\000e\000\040\000F\000r\000a\000c\000t\000a\000l\000\040\000L\000i\000m\000i\000t\000\040\000B\000e\000h\000a\000v\000i\000o\000r}{chapter.38}% 642
\BOOKMARK [1][-]{section.38.5}{\376\377\000F\000o\000u\000n\000d\000a\000t\000i\000o\000n\040\023\000W\000o\000r\000l\000d\040\023\000A\000s\000p\000e\000c\000t\000\040\000C\000o\000m\000p\000a\000t\000i\000b\000i\000l\000i\000t\000y\000\040\000M\000a\000t\000r\000i\000x}{chapter.38}% 643
\BOOKMARK [1][-]{section.38.6}{\376\377\000I\000n\000t\000e\000r\000o\000p\000e\000r\000a\000b\000i\000l\000i\000t\000y\000\040\000o\000f\000\040\000S\000u\000b\000-\000F\000o\000u\000n\000d\000a\000t\000i\000o\000n\000s\000\040\000U\000n\000d\000e\000r\000\040\000A\000C\000B\000E\000\040\000F\000u\000n\000c\000t\000o\000r}{chapter.38}% 644
\BOOKMARK [1][-]{section.38.7}{\376\377\000R\000P\000M\000\040\000M\000o\000n\000a\000d\000\040\000I\000n\000t\000e\000r\000a\000c\000t\000i\000o\000n\000\040\000w\000i\000t\000h\000\040\000S\000u\000b\000-\000F\000o\000u\000n\000d\000a\000t\000i\000o\000n\000s}{chapter.38}% 645
\BOOKMARK [0][-]{chapter.39}{\376\377\000A\000d\000v\000a\000n\000c\000e\000d\000\040\000C\000l\000a\000s\000s\000i\000f\000i\000c\000a\000t\000i\000o\000n\000\040\000a\000n\000d\000\040\000F\000o\000r\000m\000a\000l\000\040\000S\000y\000s\000t\000e\000m\000\040\000T\000a\000b\000l\000e\000s}{part.6}% 646
\BOOKMARK [1][-]{section.39.1}{\376\377\000F\000r\000a\000c\000t\000a\000l\000\040\000S\000t\000a\000b\000i\000l\000i\000t\000y\000\040\000C\000l\000a\000s\000s\000e\000s\000\040\000v\000s\000\040\000S\000u\000b\000-\000F\000o\000u\000n\000d\000a\000t\000i\000o\000n\000s}{chapter.39}% 647
\BOOKMARK [1][-]{section.39.2}{\376\377\000T\000r\000a\000n\000s\000f\000i\000n\000i\000t\000e\000\040\000F\000r\000a\000c\000t\000a\000l\000\040\000C\000o\000n\000v\000e\000r\000g\000e\000n\000c\000e\000\040\000C\000l\000a\000s\000s\000e\000s}{chapter.39}% 648
\BOOKMARK [1][-]{section.39.3}{\376\377\000R\000P\000M\000\040\000M\000u\000l\000t\000i\000-\000G\000o\000a\000l\000\040\000I\000n\000t\000e\000r\000a\000c\000t\000i\000o\000n\000\040\000M\000a\000t\000r\000i\000x}{chapter.39}% 649
\BOOKMARK [1][-]{section.39.4}{\376\377\000A\000C\000B\000E\000\040\000F\000u\000n\000c\000t\000o\000r\000\040\000I\000n\000t\000e\000r\000a\000c\000t\000i\000o\000n\000\040\000T\000a\000b\000l\000e}{chapter.39}% 650
\BOOKMARK [1][-]{section.39.5}{\376\377\000N\000o\000e\000t\000i\000c\000\040\000O\000p\000e\000r\000a\000t\000o\000r\000\040\000S\000p\000e\000c\000t\000r\000u\000m\000\040\000T\000a\000b\000l\000e}{chapter.39}% 651
\BOOKMARK [1][-]{section.39.6}{\376\377\000E\000i\000g\000e\000n\000f\000r\000a\000c\000t\000a\000l\000\040\000S\000i\000g\000n\000a\000t\000u\000r\000e\000\040\000T\000a\000b\000l\000e}{chapter.39}% 652
\BOOKMARK [1][-]{section.39.7}{\376\377\000M\000o\000n\000a\000d\000\040\000L\000a\000w\000\040\000V\000e\000r\000i\000f\000i\000c\000a\000t\000i\000o\000n\000\040\000T\000a\000b\000l\000e}{chapter.39}% 653
\BOOKMARK [1][-]{section.39.8}{\376\377\000T\000K\000S\000\040\000R\000u\000n\000t\000i\000m\000e\000\040\000E\000r\000r\000o\000r\000\040\000a\000n\000d\000\040\000E\000x\000c\000e\000p\000t\000i\000o\000n\000\040\000C\000l\000a\000s\000s\000e\000s}{chapter.39}% 654
\BOOKMARK [1][-]{section.39.9}{\376\377\000T\000y\000p\000e\000\040\000S\000y\000s\000t\000e\000m\000\040\000S\000u\000b\000t\000y\000p\000i\000n\000g\000\040\000L\000a\000t\000t\000i\000c\000e}{chapter.39}% 655
\BOOKMARK [1][-]{section.39.10}{\376\377\000O\000p\000e\000r\000a\000t\000i\000o\000n\000a\000l\000\040\000S\000e\000m\000a\000n\000t\000i\000c\000s\000\040\000R\000e\000d\000u\000c\000t\000i\000o\000n\000\040\000T\000a\000b\000l\000e}{chapter.39}% 656
\BOOKMARK [1][-]{section.39.11}{\376\377\000D\000e\000n\000o\000t\000a\000t\000i\000o\000n\000a\000l\000\040\000S\000e\000m\000a\000n\000t\000i\000c\000s\000\040\000D\000o\000m\000a\000i\000n\000\040\000T\000a\000b\000l\000e}{chapter.39}% 657
\BOOKMARK [1][-]{section.39.12}{\376\377\000C\000a\000n\000o\000n\000i\000c\000a\000l\000\040\000E\000q\000u\000i\000v\000a\000l\000e\000n\000c\000e\000\040\000T\000a\000b\000l\000e}{chapter.39}% 658
\BOOKMARK [1][-]{section.39.13}{\376\377\000C\000o\000m\000p\000i\000l\000e\000r\000\040\000M\000a\000p\000p\000i\000n\000g\000\040\000T\000a\000b\000l\000e}{chapter.39}% 659
\BOOKMARK [1][-]{section.39.14}{\376\377\000C\000a\000t\000e\000g\000o\000r\000y\000-\000T\000h\000e\000o\000r\000e\000t\000i\000c\000\040\000S\000t\000r\000u\000c\000t\000u\000r\000e\000\040\000S\000u\000m\000m\000a\000r\000y}{chapter.39}% 660
\BOOKMARK [-1][-]{part.7}{\376\377\000V\000I\000I\000\040\000D\000o\000m\000a\000i\000n\000-\000T\000h\000e\000o\000r\000e\000t\000i\000c\000\040\000S\000e\000m\000a\000n\000t\000i\000c\000s}{}% 661
\BOOKMARK [0][-]{chapter.40}{\376\377\000S\000c\000o\000t\000t\000\040\000D\000o\000m\000a\000i\000n\000s\000\040\000f\000o\000r\000\040\000N\000o\000e\000t\000i\000c\000\040\000S\000p\000a\000c\000e\000s}{part.7}% 662
\BOOKMARK [1][-]{section.40.1}{\376\377\000P\000r\000e\000l\000i\000m\000i\000n\000a\000r\000i\000e\000s\000:\000\040\000D\000o\000m\000a\000i\000n\000\040\000T\000h\000e\000o\000r\000y\000\040\000R\000e\000v\000i\000e\000w}{chapter.40}% 663
\BOOKMARK [1][-]{section.40.2}{\376\377\000N\000o\000e\000t\000i\000c\000\040\000D\000o\000m\000a\000i\000n\000s}{chapter.40}% 664
\BOOKMARK [1][-]{section.40.3}{\376\377\000A\000l\000g\000e\000b\000r\000a\000i\000c\000i\000t\000y\000\040\000a\000n\000d\000\040\000C\000o\000n\000t\000i\000n\000u\000o\000u\000s\000\040\000D\000o\000m\000a\000i\000n\000s}{chapter.40}% 665
\BOOKMARK [1][-]{section.40.4}{\376\377\000F\000u\000n\000c\000t\000i\000o\000n\000\040\000S\000p\000a\000c\000e\000s\000\040\000a\000n\000d\000\040\000E\000x\000p\000o\000n\000e\000n\000t\000i\000a\000l\000s}{chapter.40}% 666
\BOOKMARK [0][-]{chapter.41}{\376\377\000C\000o\000n\000t\000i\000n\000u\000o\000u\000s\000\040\000L\000a\000t\000t\000i\000c\000e\000s\000\040\000a\000n\000d\000\040\000W\000a\000y\000-\000B\000e\000l\000o\000w}{part.7}% 667
\BOOKMARK [1][-]{section.41.1}{\376\377\000T\000h\000e\000\040\000W\000a\000y\000-\000B\000e\000l\000o\000w\000\040\000R\000e\000l\000a\000t\000i\000o\000n}{chapter.41}% 668
\BOOKMARK [1][-]{section.41.2}{\376\377\000C\000o\000n\000t\000i\000n\000u\000o\000u\000s\000\040\000L\000a\000t\000t\000i\000c\000e\000s}{chapter.41}% 669
\BOOKMARK [1][-]{section.41.3}{\376\377\000I\000n\000t\000e\000r\000p\000o\000l\000a\000t\000i\000o\000n\000\040\000P\000r\000o\000p\000e\000r\000t\000i\000e\000s}{chapter.41}% 670
\BOOKMARK [0][-]{chapter.42}{\376\377\000F\000i\000x\000e\000d\000-\000P\000o\000i\000n\000t\000\040\000S\000e\000m\000a\000n\000t\000i\000c\000s}{part.7}% 671
\BOOKMARK [1][-]{section.42.1}{\376\377\000K\000l\000e\000e\000n\000e\000\040\000F\000i\000x\000e\000d\000-\000P\000o\000i\000n\000t\000\040\000T\000h\000e\000o\000r\000e\000m}{chapter.42}% 672
\BOOKMARK [1][-]{section.42.2}{\376\377\000N\000o\000e\000t\000i\000c\000\040\000F\000i\000x\000e\000d\000\040\000P\000o\000i\000n\000t\000s}{chapter.42}% 673
\BOOKMARK [1][-]{section.42.3}{\376\377\000T\000a\000r\000s\000k\000i\000-\000K\000n\000a\000s\000t\000e\000r\000\040\000F\000i\000x\000e\000d\000\040\000P\000o\000i\000n\000t\000s}{chapter.42}% 674
\BOOKMARK [1][-]{section.42.4}{\376\377\000R\000e\000c\000u\000r\000s\000i\000v\000e\000\040\000N\000o\000e\000t\000i\000c\000\040\000D\000e\000f\000i\000n\000i\000t\000i\000o\000n\000s}{chapter.42}% 675
\BOOKMARK [0][-]{chapter.43}{\376\377\000D\000o\000m\000a\000i\000n\000\040\000E\000q\000u\000a\000t\000i\000o\000n\000s\000\040\000f\000o\000r\000\040\000N\000o\000e\000t\000i\000c\000\040\000S\000t\000r\000u\000c\000t\000u\000r\000e\000s}{part.7}% 676
\BOOKMARK [1][-]{section.43.1}{\376\377\000R\000e\000c\000u\000r\000s\000i\000v\000e\000\040\000D\000o\000m\000a\000i\000n\000\040\000E\000q\000u\000a\000t\000i\000o\000n\000s}{chapter.43}% 677
\BOOKMARK [1][-]{section.43.2}{\376\377\000S\000o\000l\000v\000i\000n\000g\000\040\000D\000o\000m\000a\000i\000n\000\040\000E\000q\000u\000a\000t\000i\000o\000n\000s}{chapter.43}% 678
\BOOKMARK [1][-]{section.43.3}{\376\377\000I\000n\000i\000t\000i\000a\000l\000\040\000A\000l\000g\000e\000b\000r\000a\000\040\000S\000e\000m\000a\000n\000t\000i\000c\000s}{chapter.43}% 679
\BOOKMARK [1][-]{section.43.4}{\376\377\000F\000i\000n\000a\000l\000\040\000C\000o\000a\000l\000g\000e\000b\000r\000a\000\040\000D\000u\000a\000l\000i\000t\000y}{chapter.43}% 680
\BOOKMARK [0][-]{chapter.44}{\376\377\000D\000e\000n\000o\000t\000a\000t\000i\000o\000n\000a\000l\000\040\000S\000e\000m\000a\000n\000t\000i\000c\000s\000\040\000o\000f\000\040\000T\000K\000S}{part.7}% 681
\BOOKMARK [1][-]{section.44.1}{\376\377\000S\000e\000m\000a\000n\000t\000i\000c\000\040\000D\000o\000m\000a\000i\000n\000s\000\040\000f\000o\000r\000\040\000T\000K\000S\000\040\000T\000y\000p\000e\000s}{chapter.44}% 682
\BOOKMARK [1][-]{section.44.2}{\376\377\000I\000n\000t\000e\000r\000p\000r\000e\000t\000a\000t\000i\000o\000n\000\040\000F\000u\000n\000c\000t\000i\000o\000n}{chapter.44}% 683
\BOOKMARK [1][-]{section.44.3}{\376\377\000A\000d\000e\000q\000u\000a\000c\000y}{chapter.44}% 684
\BOOKMARK [1][-]{section.44.4}{\376\377\000F\000u\000l\000l\000\040\000A\000b\000s\000t\000r\000a\000c\000t\000i\000o\000n}{chapter.44}% 685
\BOOKMARK [1][-]{section.44.5}{\376\377\000C\000o\000n\000n\000e\000c\000t\000i\000o\000n\000\040\000t\000o\000\040\000v\0007\000.\0003\000\040\000O\000p\000e\000r\000a\000t\000i\000o\000n\000a\000l\000\040\000S\000e\000m\000a\000n\000t\000i\000c\000s}{chapter.44}% 686
\BOOKMARK [-1][-]{part.8}{\376\377\000V\000I\000I\000I\000\040\000H\000i\000g\000h\000e\000r\000\040\000C\000a\000t\000e\000g\000o\000r\000i\000e\000s\000\040\000a\000n\000d\000\040\000\050\000,\0001\000\051\000-\000T\000o\000p\000o\000i}{}% 687
\BOOKMARK [0][-]{chapter.45}{\376\377\000Q\000u\000a\000s\000i\000-\000C\000a\000t\000e\000g\000o\000r\000i\000e\000s\000\040\000a\000n\000d\000\040\000N\000o\000e\000t\000i\000c\000\040\000S\000p\000a\000c\000e\000s}{part.8}% 688
\BOOKMARK [1][-]{section.45.1}{\376\377\000S\000i\000m\000p\000l\000i\000c\000i\000a\000l\000\040\000P\000r\000e\000l\000i\000m\000i\000n\000a\000r\000i\000e\000s}{chapter.45}% 689
\BOOKMARK [1][-]{section.45.2}{\376\377\000D\000e\000f\000i\000n\000i\000t\000i\000o\000n\000\040\000o\000f\000\040\000Q\000u\000a\000s\000i\000-\000C\000a\000t\000e\000g\000o\000r\000i\000e\000s}{chapter.45}% 690
\BOOKMARK [1][-]{section.45.3}{\376\377\000T\000h\000e\000\040\000N\000o\000e\000t\000i\000c\000\040\000Q\000u\000a\000s\000i\000-\000C\000a\000t\000e\000g\000o\000r\000y\000\040\000N}{chapter.45}% 691
\BOOKMARK [1][-]{section.45.4}{\376\377\000M\000a\000p\000p\000i\000n\000g\000\040\000S\000p\000a\000c\000e\000s\000\040\000a\000n\000d\000\040\000H\000o\000m\000-\000O\000b\000j\000e\000c\000t\000s}{chapter.45}% 692
\BOOKMARK [1][-]{section.45.5}{\376\377\000K\000a\000n\000\040\000C\000o\000m\000p\000l\000e\000x\000e\000s\000\040\000a\000n\000d\000\040\000F\000i\000b\000r\000a\000n\000c\000y}{chapter.45}% 693
\BOOKMARK [0][-]{chapter.46}{\376\377\000S\000e\000g\000a\000l\000\040\000S\000p\000a\000c\000e\000s\000\040\000f\000o\000r\000\040\000N\000o\000e\000t\000i\000c\000s}{part.8}% 694
\BOOKMARK [1][-]{section.46.1}{\376\377\000S\000e\000g\000a\000l\000\040\000S\000p\000a\000c\000e\000s}{chapter.46}% 695
\BOOKMARK [1][-]{section.46.2}{\376\377\000N\000o\000e\000t\000i\000c\000\040\000S\000e\000g\000a\000l\000\040\000S\000p\000a\000c\000e}{chapter.46}% 696
\BOOKMARK [1][-]{section.46.3}{\376\377\000E\000q\000u\000i\000v\000a\000l\000e\000n\000c\000e\000\040\000w\000i\000t\000h\000\040\000Q\000u\000a\000s\000i\000-\000C\000a\000t\000e\000g\000o\000r\000i\000e\000s}{chapter.46}% 697
\BOOKMARK [0][-]{chapter.47}{\376\377\000\050\000,\0001\000\051\000-\000C\000a\000t\000e\000g\000o\000r\000i\000e\000s\000\040\000o\000f\000\040\000I\000d\000e\000a\000s}{part.8}% 698
\BOOKMARK [1][-]{section.47.1}{\376\377\000T\000h\000e\000\040\000\050\000,\0001\000\051\000-\000C\000a\000t\000e\000g\000o\000r\000y\000\040\000I\000d\000e\000a}{chapter.47}% 699
\BOOKMARK [1][-]{section.47.2}{\376\377\000H\000i\000g\000h\000e\000r\000\040\000M\000o\000r\000p\000h\000i\000s\000m\000s\000\040\000B\000e\000t\000w\000e\000e\000n\000\040\000I\000d\000e\000a\000s}{chapter.47}% 700
\BOOKMARK [1][-]{section.47.3}{\376\377\000A\000d\000j\000u\000n\000c\000t\000i\000o\000n\000s\000\040\000i\000n\000\040\000t\000h\000e\000\040\000-\000S\000e\000t\000t\000i\000n\000g}{chapter.47}% 701
\BOOKMARK [0][-]{chapter.48}{\376\377\000\050\000,\0001\000\051\000-\000T\000o\000p\000o\000i\000\040\000a\000n\000d\000\040\000N\000o\000e\000t\000i\000c\000\040\000S\000h\000e\000a\000v\000e\000s}{part.8}% 702
\BOOKMARK [1][-]{section.48.1}{\376\377\000\050\000,\0001\000\051\000-\000T\000o\000p\000o\000i}{chapter.48}% 703
\BOOKMARK [1][-]{section.48.2}{\376\377\000T\000h\000e\000\040\000N\000o\000e\000t\000i\000c\000\040\000-\000T\000o\000p\000o\000s}{chapter.48}% 704
\BOOKMARK [1][-]{section.48.3}{\376\377\000D\000e\000s\000c\000e\000n\000t\000\040\000a\000n\000d\000\040\000H\000i\000g\000h\000e\000r\000\040\000S\000h\000e\000a\000f\000\040\000C\000o\000n\000d\000i\000t\000i\000o\000n\000s}{chapter.48}% 705
\BOOKMARK [1][-]{section.48.4}{\376\377\000-\000G\000i\000r\000a\000u\000d\000\040\000A\000x\000i\000o\000m\000s}{chapter.48}% 706
\BOOKMARK [0][-]{chapter.49}{\376\377\000N\000o\000e\000t\000i\000c\000\040\000H\000o\000m\000o\000t\000o\000p\000y\000\040\000G\000r\000o\000u\000p\000s}{part.8}% 707
\BOOKMARK [1][-]{section.49.1}{\376\377\000D\000e\000f\000i\000n\000i\000t\000i\000o\000n\000\040\000o\000f\000\040\000N\000o\000e\000t\000i\000c\000\040\000H\000o\000m\000o\000t\000o\000p\000y\000\040\000G\000r\000o\000u\000p\000s}{chapter.49}% 708
\BOOKMARK [1][-]{section.49.2}{\376\377\000N\000o\000e\000t\000i\000c\000\040\000W\000h\000i\000t\000e\000h\000e\000a\000d\000\040\000T\000h\000e\000o\000r\000e\000m}{chapter.49}% 709
\BOOKMARK [1][-]{section.49.3}{\376\377\000P\000o\000s\000t\000n\000i\000k\000o\000v\000\040\000T\000o\000w\000e\000r\000s\000\040\000o\000f\000\040\000I\000d\000e\000a\000s}{chapter.49}% 710
\BOOKMARK [1][-]{section.49.4}{\376\377\000H\000o\000m\000o\000t\000o\000p\000y\000\040\000L\000i\000m\000i\000t\000s\000\040\000a\000n\000d\000\040\000C\000o\000l\000i\000m\000i\000t\000s}{chapter.49}% 711
\BOOKMARK [0][-]{chapter.50}{\376\377\000H\000i\000g\000h\000e\000r\000\040\000S\000t\000a\000c\000k\000s\000\040\000a\000n\000d\000\040\000M\000o\000d\000u\000l\000i}{part.8}% 712
\BOOKMARK [1][-]{section.50.1}{\376\377\000H\000i\000g\000h\000e\000r\000\040\000S\000t\000a\000c\000k\000s}{chapter.50}% 713
\BOOKMARK [1][-]{section.50.2}{\376\377\000M\000o\000d\000u\000l\000i\000\040\000P\000r\000o\000b\000l\000e\000m\000s\000\040\000f\000o\000r\000\040\000I\000d\000e\000a\000s}{chapter.50}% 714
\BOOKMARK [1][-]{section.50.3}{\376\377\000D\000e\000s\000c\000e\000n\000t\000\040\000C\000o\000n\000d\000i\000t\000i\000o\000n\000s}{chapter.50}% 715
\BOOKMARK [1][-]{section.50.4}{\376\377\000C\000l\000a\000s\000s\000i\000f\000y\000i\000n\000g\000\040\000S\000t\000a\000c\000k\000s}{chapter.50}% 716
\BOOKMARK [0][-]{chapter.51}{\376\377\000S\000y\000n\000t\000h\000e\000s\000i\000s\000\040\000a\000n\000d\000\040\000C\000o\000n\000n\000e\000c\000t\000i\000o\000n\000s}{part.8}% 717
\BOOKMARK [1][-]{section.51.1}{\376\377\000C\000o\000n\000n\000e\000c\000t\000i\000o\000n\000\040\000t\000o\000\040\000T\000r\000a\000n\000s\000f\000i\000n\000i\000t\000e\000\040\000F\000r\000a\000c\000t\000a\000l\000s\000\040\000\050\000P\000a\000r\000t\000\040\000V\000\051}{chapter.51}% 718
\BOOKMARK [1][-]{section.51.2}{\376\377\000C\000o\000n\000n\000e\000c\000t\000i\000o\000n\000\040\000t\000o\000\040\000D\000o\000m\000a\000i\000n\000\040\000S\000e\000m\000a\000n\000t\000i\000c\000s\000\040\000\050\000P\000a\000r\000t\000\040\000V\000I\000\051}{chapter.51}% 719
\BOOKMARK [1][-]{section.51.3}{\376\377\000C\000o\000n\000n\000e\000c\000t\000i\000o\000n\000\040\000t\000o\000\040\000v\0007\000.\0003\000\040\000M\000e\000t\000a\000\040\000T\000r\000a\000c\000k}{chapter.51}% 720
\BOOKMARK [1][-]{section.51.4}{\376\377\000S\000u\000m\000m\000a\000r\000y\000\040\000T\000h\000e\000o\000r\000e\000m}{chapter.51}% 721
\BOOKMARK [-1][-]{part.9}{\376\377\000I\000X\000\040\000D\000i\000f\000f\000e\000r\000e\000n\000t\000i\000a\000l\000\040\000N\000o\000e\000t\000i\000c\000\040\000G\000e\000o\000m\000e\000t\000r\000y}{}% 722
\BOOKMARK [0][-]{chapter.52}{\376\377\000N\000o\000e\000t\000i\000c\000\040\000M\000a\000n\000i\000f\000o\000l\000d\000s}{part.9}% 723
\BOOKMARK [1][-]{section.52.1}{\376\377\000D\000e\000f\000i\000n\000i\000t\000i\000o\000n\000\040\000o\000f\000\040\000N\000o\000e\000t\000i\000c\000\040\000M\000a\000n\000i\000f\000o\000l\000d\000s}{chapter.52}% 724
\BOOKMARK [1][-]{section.52.2}{\376\377\000T\000a\000n\000g\000e\000n\000t\000\040\000a\000n\000d\000\040\000C\000o\000t\000a\000n\000g\000e\000n\000t\000\040\000B\000u\000n\000d\000l\000e\000s}{chapter.52}% 725
\BOOKMARK [1][-]{section.52.3}{\376\377\000N\000o\000e\000t\000i\000c\000\040\000V\000e\000c\000t\000o\000r\000\040\000F\000i\000e\000l\000d\000s}{chapter.52}% 726
\BOOKMARK [0][-]{chapter.53}{\376\377\000T\000h\000e\000\040\000N\000o\000e\000t\000i\000c\000\040\000M\000e\000t\000r\000i\000c}{part.9}% 727
\BOOKMARK [1][-]{section.53.1}{\376\377\000D\000e\000f\000i\000n\000i\000t\000i\000o\000n\000\040\000o\000f\000\040\000t\000h\000e\000\040\000N\000o\000e\000t\000i\000c\000\040\000M\000e\000t\000r\000i\000c}{chapter.53}% 728
\BOOKMARK [1][-]{section.53.2}{\376\377\000N\000o\000e\000t\000i\000c\000\040\000D\000i\000s\000t\000a\000n\000c\000e\000s\000\040\000a\000n\000d\000\040\000L\000e\000n\000g\000t\000h\000s}{chapter.53}% 729
\BOOKMARK [1][-]{section.53.3}{\376\377\000I\000n\000f\000o\000r\000m\000a\000t\000i\000o\000n\000-\000T\000h\000e\000o\000r\000e\000t\000i\000c\000\040\000N\000o\000e\000t\000i\000c\000\040\000M\000e\000t\000r\000i\000c\000s}{chapter.53}% 730
\BOOKMARK [0][-]{chapter.54}{\376\377\000N\000o\000e\000t\000i\000c\000\040\000C\000o\000n\000n\000e\000c\000t\000i\000o\000n\000s}{part.9}% 731
\BOOKMARK [1][-]{section.54.1}{\376\377\000D\000e\000f\000i\000n\000i\000t\000i\000o\000n\000\040\000o\000f\000\040\000N\000o\000e\000t\000i\000c\000\040\000C\000o\000n\000n\000e\000c\000t\000i\000o\000n}{chapter.54}% 732
\BOOKMARK [1][-]{section.54.2}{\376\377\000T\000h\000e\000\040\000L\000e\000v\000i\000-\000C\000i\000v\000i\000t\000a\000\040\000C\000o\000n\000n\000e\000c\000t\000i\000o\000n}{chapter.54}% 733
\BOOKMARK [1][-]{section.54.3}{\376\377\000C\000o\000v\000a\000r\000i\000a\000n\000t\000\040\000D\000e\000r\000i\000v\000a\000t\000i\000v\000e\000s\000\040\000o\000f\000\040\000T\000e\000n\000s\000o\000r\000\040\000F\000i\000e\000l\000d\000s}{chapter.54}% 734
\BOOKMARK [0][-]{chapter.55}{\376\377\000N\000o\000e\000t\000i\000c\000\040\000C\000u\000r\000v\000a\000t\000u\000r\000e}{part.9}% 735
\BOOKMARK [1][-]{section.55.1}{\376\377\000T\000h\000e\000\040\000R\000i\000e\000m\000a\000n\000n\000\040\000C\000u\000r\000v\000a\000t\000u\000r\000e\000\040\000T\000e\000n\000s\000o\000r}{chapter.55}% 736
\BOOKMARK [1][-]{section.55.2}{\376\377\000R\000i\000c\000c\000i\000\040\000a\000n\000d\000\040\000S\000c\000a\000l\000a\000r\000\040\000C\000u\000r\000v\000a\000t\000u\000r\000e}{chapter.55}% 737
\BOOKMARK [1][-]{section.55.3}{\376\377\000S\000e\000c\000t\000i\000o\000n\000a\000l\000\040\000a\000n\000d\000\040\000G\000a\000u\000s\000s\000i\000a\000n\000\040\000C\000u\000r\000v\000a\000t\000u\000r\000e}{chapter.55}% 738
\BOOKMARK [0][-]{chapter.56}{\376\377\000N\000o\000e\000t\000i\000c\000\040\000G\000e\000o\000d\000e\000s\000i\000c\000s}{part.9}% 739
\BOOKMARK [1][-]{section.56.1}{\376\377\000G\000e\000o\000d\000e\000s\000i\000c\000\040\000E\000q\000u\000a\000t\000i\000o\000n}{chapter.56}% 740
\BOOKMARK [1][-]{section.56.2}{\376\377\000E\000x\000p\000o\000n\000e\000n\000t\000i\000a\000l\000\040\000M\000a\000p}{chapter.56}% 741
\BOOKMARK [1][-]{section.56.3}{\376\377\000G\000e\000o\000d\000e\000s\000i\000c\000\040\000D\000i\000s\000t\000a\000n\000c\000e\000\040\000a\000n\000d\000\040\000C\000o\000m\000p\000l\000e\000t\000e\000n\000e\000s\000s}{chapter.56}% 742
\BOOKMARK [1][-]{section.56.4}{\376\377\000J\000a\000c\000o\000b\000i\000\040\000F\000i\000e\000l\000d\000s\000\040\000a\000n\000d\000\040\000C\000o\000n\000j\000u\000g\000a\000t\000e\000\040\000P\000o\000i\000n\000t\000s}{chapter.56}% 743
\BOOKMARK [0][-]{chapter.57}{\376\377\000P\000a\000r\000a\000l\000l\000e\000l\000\040\000T\000r\000a\000n\000s\000p\000o\000r\000t\000\040\000a\000n\000d\000\040\000H\000o\000l\000o\000n\000o\000m\000y}{part.9}% 744
\BOOKMARK [1][-]{section.57.1}{\376\377\000P\000a\000r\000a\000l\000l\000e\000l\000\040\000T\000r\000a\000n\000s\000p\000o\000r\000t}{chapter.57}% 745
\BOOKMARK [1][-]{section.57.2}{\376\377\000H\000o\000l\000o\000n\000o\000m\000y\000\040\000G\000r\000o\000u\000p\000s}{chapter.57}% 746
\BOOKMARK [1][-]{section.57.3}{\376\377\000F\000l\000a\000t\000\040\000C\000o\000n\000n\000e\000c\000t\000i\000o\000n\000s\000\040\000a\000n\000d\000\040\000G\000l\000o\000b\000a\000l\000\040\000P\000a\000r\000a\000l\000l\000e\000l\000i\000s\000m}{chapter.57}% 747
\BOOKMARK [0][-]{chapter.58}{\376\377\000A\000p\000p\000l\000i\000c\000a\000t\000i\000o\000n\000s\000\040\000t\000o\000\040\000T\000K\000S}{part.9}% 748
\BOOKMARK [1][-]{section.58.1}{\376\377\000I\000d\000e\000a\000\040\000S\000p\000a\000c\000e\000\040\000a\000s\000\040\000N\000o\000e\000t\000i\000c\000\040\000M\000a\000n\000i\000f\000o\000l\000d}{chapter.58}% 749
\BOOKMARK [1][-]{section.58.2}{\376\377\000G\000e\000o\000d\000e\000s\000i\000c\000s\000\040\000a\000s\000\040\000C\000o\000n\000c\000e\000p\000t\000u\000a\000l\000\040\000P\000a\000t\000h\000s}{chapter.58}% 750
\BOOKMARK [1][-]{section.58.3}{\376\377\000C\000u\000r\000v\000a\000t\000u\000r\000e\000\040\000a\000n\000d\000\040\000C\000o\000n\000c\000e\000p\000t\000u\000a\000l\000\040\000S\000t\000r\000u\000c\000t\000u\000r\000e}{chapter.58}% 751
\BOOKMARK [1][-]{section.58.4}{\376\377\000H\000o\000l\000o\000n\000o\000m\000y\000\040\000a\000n\000d\000\040\000C\000i\000r\000c\000u\000l\000a\000r\000\040\000R\000e\000a\000s\000o\000n\000i\000n\000g}{chapter.58}% 752
\BOOKMARK [1][-]{section.58.5}{\376\377\000I\000n\000t\000e\000g\000r\000a\000t\000i\000o\000n\000\040\000w\000i\000t\000h\000\040\000v\0007\000.\0003\000\040\000S\000t\000r\000u\000c\000t\000u\000r\000e\000s}{chapter.58}% 753
\BOOKMARK [1][-]{section.58.6}{\376\377\000N\000o\000e\000t\000i\000c\000\040\000E\000i\000n\000s\000t\000e\000i\000n\000\040\000E\000q\000u\000a\000t\000i\000o\000n\000s}{chapter.58}% 754
\BOOKMARK [-1][-]{part.10}{\376\377\000X\000\040\000U\000n\000i\000f\000i\000e\000d\000\040\000T\000h\000e\000o\000r\000y\000\040\000a\000n\000d\000\040\000C\000r\000o\000s\000s\000-\000D\000o\000m\000a\000i\000n\000\040\000I\000n\000t\000e\000g\000r\000a\000t\000i\000o\000n}{}% 755
\BOOKMARK [0][-]{chapter.59}{\376\377\000C\000r\000o\000s\000s\000-\000D\000o\000m\000a\000i\000n\000\040\000I\000n\000t\000e\000g\000r\000a\000t\000i\000o\000n}{part.10}% 756
\BOOKMARK [1][-]{section.59.1}{\376\377\000F\000r\000a\000c\000t\000a\000l\000-\000D\000o\000m\000a\000i\000n\000\040\000C\000o\000r\000r\000e\000s\000p\000o\000n\000d\000e\000n\000c\000e}{chapter.59}% 757
\BOOKMARK [1][-]{section.59.2}{\376\377\000H\000i\000g\000h\000e\000r\000\040\000C\000a\000t\000e\000g\000o\000r\000i\000c\000a\000l\000\040\000S\000e\000m\000a\000n\000t\000i\000c\000s}{chapter.59}% 758
\BOOKMARK [1][-]{section.59.3}{\376\377\000G\000e\000o\000m\000e\000t\000r\000i\000c\000\040\000I\000n\000t\000e\000r\000p\000r\000e\000t\000a\000t\000i\000o\000n\000\040\000o\000f\000\040\000F\000r\000a\000c\000t\000a\000l\000s}{chapter.59}% 759
\BOOKMARK [1][-]{section.59.4}{\376\377\000U\000n\000i\000f\000i\000e\000d\000\040\000N\000o\000e\000t\000i\000c\000\040\000F\000i\000e\000l\000d\000\040\000T\000h\000e\000o\000r\000y}{chapter.59}% 760
\BOOKMARK [-1][-]{part.11}{\376\377\000X\000I\000\040\000A\000p\000p\000e\000n\000d\000i\000c\000e\000s}{}% 761
\BOOKMARK [0][-]{chapter.60}{\376\377\000C\000o\000m\000p\000l\000e\000t\000e\000\040\000S\000y\000m\000b\000o\000l\000\040\000R\000e\000f\000e\000r\000e\000n\000c\000e}{part.11}% 762
\BOOKMARK [1][-]{section.60.1}{\376\377\000v\0006\000.\0001\000\040\000S\000y\000m\000b\000o\000l\000s}{chapter.60}% 763
\BOOKMARK [1][-]{section.60.2}{\376\377\000v\0007\000.\0000\040\023\000v\0007\000.\0003\000\040\000S\000y\000m\000b\000o\000l\000s}{chapter.60}% 764
\BOOKMARK [1][-]{section.60.3}{\376\377\000v\0007\000.\0004\000\040\000N\000e\000w\000\040\000S\000y\000m\000b\000o\000l\000s}{chapter.60}% 765
\BOOKMARK [0][-]{chapter.61}{\376\377\000V\000e\000r\000s\000i\000o\000n\000\040\000H\000i\000s\000t\000o\000r\000y}{part.11}% 766
\BOOKMARK [1][-]{section.61.1}{\376\377\000V\000e\000r\000s\000i\000o\000n\000\040\0006\000.\0000\040\023\0006\000.\0001}{chapter.61}% 767
\BOOKMARK [1][-]{section.61.2}{\376\377\000V\000e\000r\000s\000i\000o\000n\000\040\0007\000.\0000}{chapter.61}% 768
\BOOKMARK [1][-]{section.61.3}{\376\377\000V\000e\000r\000s\000i\000o\000n\000\040\0007\000.\0001}{chapter.61}% 769
\BOOKMARK [1][-]{section.61.4}{\376\377\000V\000e\000r\000s\000i\000o\000n\000\040\0007\000.\0002}{chapter.61}% 770
\BOOKMARK [1][-]{section.61.5}{\376\377\000V\000e\000r\000s\000i\000o\000n\000\040\0007\000.\0003}{chapter.61}% 771
\BOOKMARK [1][-]{section.61.6}{\376\377\000V\000e\000r\000s\000i\000o\000n\000\040\0007\000.\0004}{chapter.61}% 772
\BOOKMARK [0][-]{chapter*.24}{\376\377\000A\000c\000k\000n\000o\000w\000l\000e\000d\000g\000m\000e\000n\000t\000s}{part.11}% 773
