{
  "timestamp": "2025-12-14T13:27:54.837946",
  "duration_seconds": 4.1e-05,
  "augmentation": {
    "original_count": 4,
    "inversion_count": 5,
    "anti_attractor_count": 4,
    "total_count": 13,
    "augmentation_ratio": 2.25,
    "inversion_ratio": 1.25,
    "anti_attractor_ratio": 1.0,
    "axes_usage": {
      "N": 3,
      "W": 3
    },
    "mode_counts": {
      "soft": 5
    }
  },
  "validation": {
    "total": 13,
    "passed": 13,
    "failed": 0,
    "pass_rate": 1.0,
    "world_validity_rate": 1.0,
    "noetic_validity_rate": 1.0,
    "operator_validity_rate": 1.0,
    "structural_validity_rate": 1.0,
    "foundation_validity_rate": 0.0,
    "error_counts": {}
  },
  "distribution": {
    "world_counts": {
      "A": 9,
      "B": 7,
      "C": 6,
      "D": 9
    },
    "world_distribution": {
      "A": 0.2903225806451613,
      "B": 0.22580645161290322,
      "C": 0.1935483870967742,
      "D": 0.2903225806451613
    },
    "noetic_counts": {
      "7": 4,
      "10": 1,
      "6": 3,
      "3": 3,
      "9": 3,
      "2": 6,
      "5": 5,
      "8": 1,
      "1": 4,
      "4": 1
    },
    "noetic_distribution": {
      "7": 0.12903225806451613,
      "10": 0.03225806451612903,
      "6": 0.0967741935483871,
      "3": 0.0967741935483871,
      "9": 0.0967741935483871,
      "2": 0.1935483870967742,
      "5": 0.16129032258064516,
      "8": 0.03225806451612903,
      "1": 0.12903225806451613,
      "4": 0.03225806451612903
    },
    "operator_counts": {
      "-T": 5,
      "+T": 4,
      "->": 9
    },
    "operator_distribution": {
      "-T": 0.2777777777777778,
      "+T": 0.2222222222222222,
      "->": 0.5
    },
    "foundation_counts": {},
    "polarity": {
      "positive": 0,
      "negative": 0,
      "neutral": 0,
      "distribution": {}
    }
  },
  "epoch": 5
}