epoch,step,loss,global_step
1,0,0.982177734375,1
1,1,0.9807477678571429,2
2,0,0.982421875,3
2,1,0.98046875,4
3,0,0.9833984375,5
3,1,0.9793526785714286,6
