epoch,step,loss,global_step
1,0,0.919921875,1
1,1,0.91650390625,2
1,2,0.921630859375,3
1,3,0.9163411458333334,4
2,0,0.919921875,5
