epoch,step,loss,global_step
1,0,0.908935546875,1
1,1,0.903564453125,2
1,2,0.8994140625,3
1,3,0.908203125,4
2,0,0.9052734375,5
2,1,0.901123046875,6
2,2,0.907470703125,7
2,3,0.900390625,8
3,0,0.89892578125,9
3,1,0.907470703125,10
3,2,0.907470703125,11
3,3,0.900390625,12
4,0,0.90869140625,13
4,1,0.904296875,14
4,2,0.90380859375,15
4,3,0.888671875,16
5,0,0.905029296875,17
5,1,0.904052734375,18
5,2,0.903076171875,19
5,3,0.9072265625,20
